﻿<?xml version="1.0" encoding="utf-8"?>
<Species>
  <Key>BARDOTTAN</Key>
  <Name>Bardottan</Name>
  <Description>
    [H4]Bardottan[h4]
    Please see page 99 of the Nexus of Power Sourcebook for details.
  </Description>
  <Source Page="99">Nexus of Power</Source>
  <StartingChars>
    <Brawn>2</Brawn>
    <Agility>2</Agility>
    <Intellect>2</Intellect>
    <Cunning>1</Cunning>
    <Willpower>3</Willpower>
    <Presence>2</Presence>
  </StartingChars>
  <StartingAttrs>
    <WoundThreshold>9</WoundThreshold>
    <StrainThreshold>10</StrainThreshold>
    <Experience>105</Experience>
  </StartingAttrs>
  <SkillModifiers>
    <SkillModifier>
      <Key>LORE</Key>
      <RankStart>1</RankStart>
      <RankLimit>2</RankLimit>
    </SkillModifier>
  </SkillModifiers>
</Species>