﻿<?xml version="1.0" encoding="utf-8"?>
<Species>
  <Key>DOWUTIN</Key>
  <Name>Dowutin</Name>
  <Description>
    [H4]Dowutin[h4]
    Please see page 18 of the Knights of Fate Sourcebook for details.
  </Description>
  <Source Page="18">Knights of Fate</Source>
  <StartingChars>
    <Brawn>3</Brawn>
    <Agility>1</Agility>
    <Intellect>2</Intellect>
    <Cunning>2</Cunning>
    <Willpower>2</Willpower>
    <Presence>2</Presence>
  </StartingChars>
  <StartingAttrs>
    <WoundThreshold>15</WoundThreshold>
    <StrainThreshold>8</StrainThreshold>
    <Experience>85</Experience>
  </StartingAttrs>
  <SkillModifiers>
    <SkillModifier>
      <Key>RESIL</Key>
      <RankStart>1</RankStart>
      <RankLimit>2</RankLimit>
    </SkillModifier>
  </SkillModifiers>
  <TalentModifiers>
  </TalentModifiers>
  <OptionChoices>
    <OptionChoice>
      <Key>DOWUTINAB1</Key>
      <Name>Size</Name>
      <Options>
        <Option>
          <Key>DOWUTINAB1OP1</Key>
          <Name>Average-Sized</Name>
          <Description>Silhouette 1</Description>
        </Option>
        <Option>
          <Key>DOWUTINAB1OP2</Key>
          <Name>Large-Sized</Name>
          <Description>Silhouette 2</Description>
        </Option>
      </Options>
    </OptionChoice>
    <OptionChoice>
      <Key>DOWUTINAB2</Key>
      <Name>Movement</Name>
      <Options>
        <Option>
          <Key>DOWUTINAB2OP1</Key>
          <Name>Immovable</Name>
          <Description>Dowutins who are immobilized, knocked prone, or otherwise moved against their will, may suffer 3 strain to avoid the affect.  Dowutins who are silhouette 2 only suffer 1 strain to use this ability.</Description>
        </Option>
      </Options>
    </OptionChoice>
  </OptionChoices>
</Species>