<?xml version="1.0"?>
<Species xmlns:xsi="http://www.w3.org/2001/XMLSchema-instance" xmlns:xsd="http://www.w3.org/2001/XMLSchema">
  <Key>ELOM</Key>
  <Name>Elom</Name>
  <Description>[H4]Elom[h4]
  Please see page 18 of the Forged in Battle Sourcebook for details.
  </Description>
  <Source Page="18">Forged in Battle</Source>
  <StartingChars>
    <Brawn>3</Brawn>
    <Agility>2</Agility>
    <Intellect>2</Intellect>
    <Cunning>2</Cunning>
    <Willpower>2</Willpower>
    <Presence>1</Presence>
  </StartingChars>
  <StartingAttrs>
    <WoundThreshold>10</WoundThreshold>
    <StrainThreshold>9</StrainThreshold>
    <DefenseRanged>0</DefenseRanged>
    <DefenseMelee>0</DefenseMelee>
    <SoakValue>0</SoakValue>
    <Experience>100</Experience>
    <ForceRating>0</ForceRating>
  </StartingAttrs>
  <SkillModifiers>
    <SkillModifier>
      <Key>RESIL</Key>
      <RankStart>1</RankStart>
    </SkillModifier>
  </SkillModifiers>
  <OptionChoices>
    <OptionChoice>
      <Key>ELOMOC1</Key>
      <Name>Ability</Name>
      <Options>
        <Option>
          <Key>ELOMOC1OP1</Key>
          <Name>Digging Claws</Name>
          <Description>
            Elom may use a move maneuver to travel through loose soil or similar terrain.  Can result in low, narrow tunnel that others can use, at GM's discretion.
          </Description>
          <DieModifiers>
          </DieModifiers>
        </Option>
      </Options>
    </OptionChoice>
  </OptionChoices>
  <WeaponModifiers />
</Species>