﻿<?xml version="1.0" encoding="utf-8"?>
<Species>
  <Key>GANK</Key>
  <Name>Gank</Name>
  <Description>
    [H4]Gank[h4]
    Please see page 95 of the Lords of Nal Hutta Sourcebook for details.
  </Description>
  <Source Page="95">Lords of Nal Hutta</Source>
  <StartingChars>
    <Brawn>2</Brawn>
    <Agility>2</Agility>
    <Intellect>2</Intellect>
    <Cunning>2</Cunning>
    <Willpower>2</Willpower>
    <Presence>1</Presence>
  </StartingChars>
  <StartingAttrs>
    <WoundThreshold>10</WoundThreshold>
    <StrainThreshold>10</StrainThreshold>
    <Experience>110</Experience>
  </StartingAttrs>
  <OptionChoices>
    <OptionChoice>
      <Key>GANKOC1</Key>
      <Name>Skills</Name>
      <Options>
        <Option>
          <Key>GANKOC1OP1</Key>
          <Name>Coercion</Name>
          <Description>Ganks may begin the game with one rank in Coercion.</Description>
          <SkillModifiers>
            <SkillModifier>
              <Key>COERC</Key>
              <RankStart>1</RankStart>
            </SkillModifier>
          </SkillModifiers>
        </Option>
        <Option>
          <Key>GANKOC1OP2</Key>
          <Name>Vigilance</Name>
          <Description>Ganks may begin the game with one rank in Vigilance.</Description>
          <SkillModifiers>
            <SkillModifier>
              <Key>VIGIL</Key>
              <RankStart>1</RankStart>
            </SkillModifier>
          </SkillModifiers>
        </Option>
      </Options>
    </OptionChoice>
    <OptionChoice>
      <Key>GANKOC2</Key>
      <Name>Cybernetics</Name>
      <Options>
        <Option>
          <Key>GANKOC2OP1</Key>
          <Name>Cyborg</Name>
          <Description>Ganks may begin play with up to two cybernetic implants that cost up to 5,000 credits.  Extra credits for obligation may be applied to purchase these cybernetics.</Description>
        </Option>
      </Options>
    </OptionChoice>
  </OptionChoices>
  <CyberneticsAdjust>3</CyberneticsAdjust>
</Species>