<?xml version="1.0"?>
<Species xmlns:xsi="http://www.w3.org/2001/XMLSchema-instance" xmlns:xsd="http://www.w3.org/2001/XMLSchema">
  <Key>KALLERAN</Key>
  <Name>Kalleran</Name>
  <Description>[H4]Kalleran[h4]
Please see page 25 of the No Disintegrations Sourcebook for details.</Description>
  <Source Page="25">No Disintegrations</Source>
  <StartingChars>
    <Brawn>3</Brawn>
    <Agility>2</Agility>
    <Intellect>2</Intellect>
    <Cunning>2</Cunning>
    <Willpower>2</Willpower>
    <Presence>1</Presence>
  </StartingChars>
  <StartingAttrs>
    <WoundThreshold>8</WoundThreshold>
    <StrainThreshold>12</StrainThreshold>
    <Experience>90</Experience>
  </StartingAttrs>
  <SkillModifiers>
    <SkillModifier>
      <Key>SW</Key>
      <RankStart>1</RankStart>
    </SkillModifier>
  </SkillModifiers>
  <TalentModifiers>
    <TalentModifier>
      <Key>HEIGHT</Key>
    </TalentModifier>
  </TalentModifiers>
</Species>