<?xml version="1.0"?>
<Species xmlns:xsi="http://www.w3.org/2001/XMLSchema-instance" xmlns:xsd="http://www.w3.org/2001/XMLSchema">
  <Key>LANNIK</Key>
  <Name>Lannik</Name>
  <Description>[H4]Lannik[h4]
  Please see page 20 of the Keeping the Peace sourcebook, or page 23 of the Lead by Example sourcebook, for details.
</Description>
  <Sources>
    <Source Page="20">Keeping the Peace</Source>
    <Source Page="23">Lead by Example</Source>
  </Sources>
  <StartingChars>
    <Brawn>2</Brawn>
    <Agility>1</Agility>
    <Intellect>3</Intellect>
    <Cunning>2</Cunning>
    <Willpower>2</Willpower>
    <Presence>2</Presence>
  </StartingChars>
  <StartingAttrs>
    <WoundThreshold>8</WoundThreshold>
    <StrainThreshold>12</StrainThreshold>
    <Experience>100</Experience>
  </StartingAttrs>
  <SkillModifiers>
    <SkillModifier>
      <Key>SW</Key>
      <RankStart>1</RankStart>
    </SkillModifier>
  </SkillModifiers>
  <OptionChoices>
    <OptionChoice>
      <Key>LANNIKCH1</Key>
      <Name>Remove Setback</Name>
      <Options>
        <Option>
          <Key>LANNIKCH1OP1</Key>
          <Name>Indomitable</Name>
          <Description>A Lannik removes up to [SE][SE] caused by Critical Injuries, the disoriented condition, and fear from all checks he makes.</Description>
        </Option>
      </Options>
    </OptionChoice>
  </OptionChoices>
</Species>