<?xml version="1.0"?>
<Species xmlns:xsi="http://www.w3.org/2001/XMLSchema-instance" xmlns:xsd="http://www.w3.org/2001/XMLSchema">
  <Key>POLISMASSAN</Key>
  <Name>Polis Massan</Name>
  <Description>Please see page 98 of the Strongholds of Resistance source book for details</Description>
  <Source Page="98">Strongholds of Resistance</Source>
  <StartingChars>
    <Brawn>1</Brawn>
    <Agility>2</Agility>
    <Intellect>3</Intellect>
    <Cunning>2</Cunning>
    <Willpower>3</Willpower>
    <Presence>1</Presence>
    <Requirement>
      <WearingArmor>false</WearingArmor>
      <Career>false</Career>
      <Specialization>false</Specialization>
      <NonCareer>false</NonCareer>
      <SoakAtLeast>0</SoakAtLeast>
      <WieldingMelee>false</WieldingMelee>
      <WieldingBrawl>false</WieldingBrawl>
      <WieldingLightsaber>false</WieldingLightsaber>
    </Requirement>
  </StartingChars>
  <StartingAttrs>
    <WoundThreshold>8</WoundThreshold>
    <StrainThreshold>11</StrainThreshold>
    <DefenseRanged>0</DefenseRanged>
    <DefenseMelee>0</DefenseMelee>
    <SoakValue>0</SoakValue>
    <Experience>100</Experience>
    <ForceRating>0</ForceRating>
    <Requirement>
      <WearingArmor>false</WearingArmor>
      <Career>false</Career>
      <Specialization>false</Specialization>
      <NonCareer>false</NonCareer>
      <SoakAtLeast>0</SoakAtLeast>
      <WieldingMelee>false</WieldingMelee>
      <WieldingBrawl>false</WieldingBrawl>
      <WieldingLightsaber>false</WieldingLightsaber>
    </Requirement>
  </StartingAttrs>
  <SkillModifiers>
    <SkillModifier>
      <Key>MED</Key>
      <SubSpeciesKey />
      <RankStart>1</RankStart>
      <RankAdd>0</RankAdd>
      <RankLimit>2</RankLimit>
      <isCareer>false</isCareer>
    </SkillModifier>
  </SkillModifiers>
  <TalentModifiers />
  <OptionChoices>
    <OptionChoice>
      <Key>POLISMASSANCH1</Key>
      <Name>Vocal Chords</Name>
      <Description />
      <Source />
      <Sources />
      <Custom>Base</Custom>
      <Options>
        <Option>
          <Key>POLISMASSANCH1OP1</Key>
          <Name>No Vocal Chords</Name>
          <Description>
            A vast majority of Polis Massans are born without vocal chords.
          </Description>
        </Option>
        <Option>
          <Key>POLISMASSANCH1OP2</Key>
          <Name>Posesses Vocal Chords</Name>
          <Description>
            A small minority of Polis Massans do possess vocal chords.  Referred to as "speakers" by their people, these rare individuals can physically speak languages, though their voices are soft and strangely resonant.
          </Description>
          <StartingAttributes>
            <Experience>-10</Experience>
          </StartingAttributes>
        </Option>
      </Options>
    </OptionChoice>
    <OptionChoice>
      <Key>POLISMASSANCH2</Key>
      <Name>Communication</Name>
      <Options>
        <Option>
          <Key>POLISMASSANCH2OP1</Key>
          <Name>Telepathy</Name>
          <Description>Polis Massans can communicate with other beings using a simple form of telepathy.  At short range, this is akin to a broadcast, and any being will "hear" what the Polis Massan says.  They can "whisper" to individuals at engaged range.</Description>
        </Option>
      </Options>
    </OptionChoice>
  </OptionChoices>
  <WeaponModifiers />
  <SubSpeciesList />
  <CyberneticsAdjust>0</CyberneticsAdjust>
  <NoForceAbilities>false</NoForceAbilities>
</Species>