﻿<?xml version="1.0" encoding="utf-8"?>
<Species>
  <Key>QUERMIAN</Key>
  <Name>Quermian</Name>
  <Description>
    [H4]Quermian[h4]
    Please see page 21 of the Savage Spirits Sourcebook for details.
  </Description>
  <Source Page="98">Savage Spirits</Source>
  <StartingChars>
    <Brawn>1</Brawn>
    <Agility>2</Agility>
    <Intellect>3</Intellect>
    <Cunning>2</Cunning>
    <Willpower>2</Willpower>
    <Presence>1</Presence>
  </StartingChars>
  <StartingAttrs>
    <WoundThreshold>10</WoundThreshold>
    <StrainThreshold>10</StrainThreshold>
    <Experience>85</Experience>
  </StartingAttrs>
  <SkillModifiers>
    <SkillModifier>
      <Key>PERC</Key>
      <RankStart>1</RankStart>
      <RankLimit>2</RankLimit>
    </SkillModifier>
  </SkillModifiers>
  <TalentModifiers>
  </TalentModifiers>
  <OptionChoices>
    <OptionChoice>
      <Key>QUERMOC1</Key>
      <Name>Combat</Name>
      <Options>
        <Option>
          <Key>QUERMOC1OP1</Key>
          <Name>Additional Limbs</Name>
          <Description>Quermians have four arms and gain an additional free maneuver per turn.  They still may not perform more than two maneuvers per turn, however.</Description>
        </Option>
      </Options>
    </OptionChoice>
  </OptionChoices>
</Species>