﻿<?xml version="1.0" encoding="utf-8"?>
<Duties>
  <Duty>
    <Key>COMBATVICTORY</Key>
    <Name>Combat Victory</Name>
    <Description>
      [H4]Combat Victory[h4]
      Please see page 47 of the Age of Rebellion Core Rulebook for details.
    </Description>
    <Source Page="47">Age of Rebellion Core Rulebook</Source>
  </Duty>
  <Duty>
    <Key>COUNTERINTELLIGENCE</Key>
    <Name>Counter Intelligence</Name>
    <Description>
      [H4]Counter Intelligence[h4]
      Please see page 47 of the Age of Rebellion Core Rulebook for details.
    </Description>
    <Source Page="47">Age of Rebellion Core Rulebook</Source>
  </Duty>
  <Duty>
    <Key>INTELLIGENCE</Key>
    <Name>Intelligence</Name>
    <Description>
      [H4]Intelligence[h4]
      Please see page 47 of the Age of Rebellion Core Rulebook for details.
    </Description>
    <Source Page="47">Age of Rebellion Core Rulebook</Source>
  </Duty>
  <Duty>
    <Key>INTERNALSECURITY</Key>
    <Name>Internal Security</Name>
    <Description>
      [H4]Internal Security[h4]
      Please see page 47 of the Age of Rebellion Core Rulebook for details.
    </Description>
    <Source Page="47">Age of Rebellion Core Rulebook</Source>
  </Duty>
  <Duty>
    <Key>PERSONNEL</Key>
    <Name>Personnel</Name>
    <Description>
      [H4]Personnel[h4]
      Please see page 47 of the Age of Rebellion Core Rulebook for details.
    </Description>
    <Source Page="47">Age of Rebellion Core Rulebook</Source>
  </Duty>
  <Duty>
    <Key>POLITICALSUPPORT</Key>
    <Name>Political Support</Name>
    <Description>
      [H4]Political Support[h4]
      Please see page 47 of the Age of Rebellion Core Rulebook for details.
    </Description>
    <Source Page="47">Age of Rebellion Core Rulebook</Source>
  </Duty>
  <Duty>
    <Key>RECRUITING</Key>
    <Name>Recruiting</Name>
    <Description>
      [H4]Recruiting[h4]
      Please see page 47 of the Age of Rebellion Core Rulebook for details.
    </Description>
    <Source Page="47">Age of Rebellion Core Rulebook</Source>
  </Duty>
  <Duty>
    <Key>RESOURCEACQUISITION</Key>
    <Name>Resource Acquisition</Name>
    <Description>
      [H4]Resource Acquisition[h4]
      Please see page 47 of the Age of Rebellion Core Rulebook for details.
    </Description>
    <Source Page="47">Age of Rebellion Core Rulebook</Source>
  </Duty>
  <Duty>
    <Key>SABOTAGE</Key>
    <Name>Sabotage</Name>
    <Description>
      [H4]Sabotage[h4]
      Please see page 47 of the Age of Rebellion Core Rulebook for details.
    </Description>
    <Source Page="47">Age of Rebellion Core Rulebook</Source>
  </Duty>
  <Duty>
    <Key>SPACESUPERIORITY</Key>
    <Name>Space Superiority</Name>
    <Description>
      [H4]Space Superiority[h4]
      Please see page 47 of the Age of Rebellion Core Rulebook for details.
    </Description>
    <Source Page="47">Age of Rebellion Core Rulebook</Source>
  </Duty>
  <Duty>
    <Key>TECHPROCUREMENT</Key>
    <Name>Tech Procurement</Name>
    <Description>
      [H4]Tech Procurement[h4]
      Please see page 47 of the Age of Rebellion Core Rulebook for details.
    </Description>
    <Source Page="47">Age of Rebellion Core Rulebook</Source>
  </Duty>
  <Duty>
    <Key>SUPPORT</Key>
    <Name>Support</Name>
    <Description>
      [H4]Support[h4]
      Please see page 47 of the Age of Rebellion Core Rulebook for details.
    </Description>
    <Source Page="47">Age of Rebellion Core Rulebook</Source>
  </Duty>
  <Duty>
    <Key>AIRSUP</Key>
    <Name>Air Superiority</Name>
    <Description>
      [H4]Air Superiority[h4]
      Please see page 19 of the Stay on Target Sourcebook for details.
    </Description>
    <Source Page="19">Stay on Target</Source>
  </Duty>
  <Duty>
    <Key>GROUNDSUP</Key>
    <Name>Ground Superiority</Name>
    <Description>
      [H4]Ground Superiority[h4]
      Please see page 19 of the Stay on Target Sourcebook for details.
    </Description>
    <Source Page="19">Stay on Target</Source>
  </Duty>
  <Duty>
    <Key>PLACHUNT</Key>
    <Name>Placard Hunter</Name>
    <Description>
      [H4]Placard Hunter[h4]
      Please see page 19 of the Stay on Target Sourcebook, or page 17 of the Forged in Battle Sourcebook, for details.
    </Description>
    <Sources>
      <Source Page="19">Stay on Target</Source>
      <Source Page="17">Forged in Battle</Source>
    </Sources>
  </Duty>
  <Duty>
    <Key>TECHSUPERIORITY</Key>
    <Name>Tech Superiority</Name>
    <Description>
      [H4]Tech Superiority[h4]
      Please see page 19 of the Stay on Target Sourcebook for details.
    </Description>
    <Source Page="19">Stay on Target</Source>
  </Duty>
  <Duty>
    <Key>COMMFAC</Key>
    <Name>Communication Facilitation</Name>
    <Description>
      [H4]Communication Facilitation[h4]
      Please see page 17 of the Desperate Allies Sourcebook for details.
    </Description>
    <Source Page="17">Desperate Allies</Source>
  </Duty>
  <Duty>
    <Key>OPPLAN</Key>
    <Name>Operation Planning</Name>
    <Description>
      [H4]Operation Planning[h4]
      Please see page 17 of the Desperate Allies Sourcebook for details.
    </Description>
    <Source Page="17">Desperate Allies</Source>
  </Duty>
  <Duty>
    <Key>REBELBASE</Key>
    <Name>Rebel Base</Name>
    <Description>
      [H4]Rebel Base[h4]
      Please see page 87 of the Desperate Allies Sourcebook for details.
    </Description>
    <Source Page="87">Desperate Allies</Source>
  </Duty>
  <Duty>
    <Key>CAMAR</Key>
    <Name>Camaraderie</Name>
    <Description>
      [H4]Camaraderie[h4]
      See page 17 of the Lead by Example Sourcebook for details.
    </Description>
    <Source Page="17">Lead by Example</Source>
  </Duty>
  <Duty>
    <Key>ENEMYDEMOR</Key>
    <Name>Enemy Demoralization</Name>
    <Description>
      [H4]Enemy Demoralization[h4]
      See page 17 of the Lead by Example Sourcebook for details.
    </Description>
    <Source Page="17">Lead by Example</Source>
  </Duty>
  <Duty>
    <Key>LOSSPREV</Key>
    <Name>Loss Prevention</Name>
    <Description>
      [H4]Loss Prevention[h4]
      See page 17 of the Lead by Example Sourcebook for details.
    </Description>
    <Source Page="17">Lead by Example</Source>
  </Duty>
  <Duty>
    <Key>CLEARSKIES</Key>
    <Name>Clear Skies</Name>
    <Description>
      [H4]Clear Skies[h4]
      See page 17 of the Forged in Battle Sourcebook for details.
    </Description>
    <Source Page="17">Forged in Battle</Source>
  </Duty>
  <Duty>
    <Key>MORALE</Key>
    <Name>Morale</Name>
    <Description>
      [H4]Morale[h4]
      See page 17 of the Forged in Battle Sourcebook for details.
    </Description>
    <Source Page="17">Forged in Battle</Source>
  </Duty>
  <Duty>
    <Key>PSYCHWAR</Key>
    <Name>Psychological Warfare</Name>
    <Description>
      [H4]Psychological Warfare[h4]
      See page 17 of the Forged in Battle Sourcebook, and page 17 of the Cyphers and Masks Sourcebook, for details.
    </Description>
    <Sources>
      <Source Page="17">Forged in Battle</Source>
      <Source Page="17">Cyphers and Masks</Source>
    </Sources>
  </Duty>
  <Duty>
    <Key>CHEMBIO</Key>
    <Name>Chemical/Biological Analysis</Name>
    <Description>
      [H4]Chemical/Biological Analysis[h4]
      See page 17 of the Fully Operational Sourcebook for details.
    </Description>
    <Source Page="17">Fully Operational</Source>
  </Duty>
  <Duty>
    <Key>CIVOUT</Key>
    <Name>Civilian Outreach</Name>
    <Description>
      [H4]Civilian Outreach[h4]
      See page 17 of the Fully Operational Sourcebook for details.
    </Description>
    <Source Page="17">Fully Operational</Source>
  </Duty>
  <Duty>
    <Key>DISREL</Key>
    <Name>Disaster Relief</Name>
    <Description>
      [H4]Disaster Relief[h4]
      See page 17 of the Fully Operational Sourcebook for details.
    </Description>
    <Source Page="17">Fully Operational</Source>
  </Duty>
  <Duty>
    <Key>ENVMANIP</Key>
    <Name>Environmental Manipulation</Name>
    <Description>
      [H4]Environmental Manipulation[h4]
      See page 17 of the Fully Operational Sourcebook for details.
    </Description>
    <Source Page="17">Fully Operational</Source>
  </Duty>
  <Duty>
    <Key>FIELDTRAIN</Key>
    <Name>Field Training</Name>
    <Description>
      [H4]Field Training[h4]
      See page 17 of the Fully Operational Sourcebook for details.
    </Description>
    <Source Page="17">Fully Operational</Source>
  </Duty>
  <Duty>
    <Key>MUNITIONS</Key>
    <Name>Munitions</Name>
    <Description>
      [H4]Munitions[h4]
      See page 17 of the Fully Operational Sourcebook for details.
    </Description>
    <Source Page="17">Fully Operational</Source>
  </Duty>
  <Duty>
    <Key>RANDD</Key>
    <Name>Research and Development</Name>
    <Description>
      [H4]Research and Development[h4]
      See page 17 of the Fully Operational Sourcebook for details.
    </Description>
    <Source Page="17">Fully Operational</Source>
  </Duty>
  <Duty>
    <Key>SURVEYENEMY</Key>
    <Name>Surveying the Enemy</Name>
    <Description>
      [H4]Surveying the Enemy[h4]
      See page 17 of the Fully Operational Sourcebook for details.
    </Description>
    <Source Page="17">Fully Operational</Source>
  </Duty>
  <Duty>
    <Key>SIEGEENG</Key>
    <Name>Siege Engineering</Name>
    <Description>
      [H4]Siege Engineering[h4]
      See page 17 of the Fully Operational Sourcebook for details.
    </Description>
    <Source Page="17">Fully Operational</Source>
  </Duty>
  <Duty>
    <Key>TESTING</Key>
    <Name>Testing</Name>
    <Description>
      [H4]Testing[h4]
      See page 17 of the Fully Operational Sourcebook for details.
    </Description>
    <Source Page="17">Fully Operational</Source>
  </Duty>
  <Duty>
    <Key>TRANSPORT</Key>
    <Name>Transportation</Name>
    <Description>
      [H4]Transportation[h4]
      See page 17 of the Fully Operational Sourcebook for details.
    </Description>
    <Source Page="17">Fully Operational</Source>
  </Duty>
  <Duty>
    <Key>RESCUEREC</Key>
    <Name>Rescue and Recovery/Evac</Name>
    <Description>
      [H4]Rescue and Recovery/Evac[h4]
      See page 17 of the Fully Operational Sourcebook for details.
    </Description>
    <Source Page="17">Fully Operational</Source>
  </Duty>
  <Duty>
    <Key>COMM</Key>
    <Name>Communications</Name>
    <Description>
      [H4]Communications[h4]
      See page 17 of the Cyphers and Masks Sourcebook for details.
    </Description>
    <Source Page="17">Cyphers and Masks</Source>
  </Duty>
  <Duty>
    <Key>ANTIISB</Key>
    <Name>Anti-ISB Efforts</Name>
    <Description>
      [H4]Anti-ISB Efforts[h4]
      See page 17 of the Cyphers and Masks Sourcebook for details.
    </Description>
    <Source Page="17">Cyphers and Masks</Source>
  </Duty>
  <Duty>
    <Key>COUNTERMEAS</Key>
    <Name>Countermeasures</Name>
    <Description>
      [H4]Countermeasures[h4]
      See page 17 of the Cyphers and Masks Sourcebook for details.
    </Description>
    <Source Page="17">Cyphers and Masks</Source>
  </Duty>
  <Duty>
    <Key>DOUBLEAGENT</Key>
    <Name>Double Agent Recruitment</Name>
    <Description>
      [H4]Double Agent Recruitment[h4]
      See page 17 of the Cyphers and Masks Sourcebook for details.
    </Description>
    <Source Page="17">Cyphers and Masks</Source>
  </Duty>
  <Duty>
    <Key>DROIDRETASK</Key>
    <Name>Droid Retasking</Name>
    <Description>
      [H4]Droid Retasking[h4]
      See page 17 of the Cyphers and Masks Sourcebook for details.
    </Description>
    <Source Page="17">Cyphers and Masks</Source>
  </Duty>
  <Duty>
    <Key>INTERORESIST</Key>
    <Name>Interrogation Resistance</Name>
    <Description>
      [H4]Interrogation Resistance[h4]
      See page 17 of the Cyphers and Masks Sourcebook for details.
    </Description>
    <Source Page="17">Cyphers and Masks</Source>
  </Duty>
  <Duty>
    <Key>LEGENDCRAFT</Key>
    <Name>Legend Crafting</Name>
    <Description>
      [H4]Legend Crafting[h4]
      See page 17 of the Cyphers and Masks Sourcebook for details.
    </Description>
    <Source Page="17">Cyphers and Masks</Source>
  </Duty>
  <Duty>
    <Key>TACTINSIGHT</Key>
    <Name>Tactical Insight</Name>
    <Description>
      [H4]Tactical Insight[h4]
      See page 17 of the Cyphers and Masks Sourcebook for details.
    </Description>
    <Source Page="17">Cyphers and Masks</Source>
  </Duty>
  <Duty>
    <Key>WETWORK</Key>
    <Name>Wetwork</Name>
    <Description>
      [H4]Wetwork[h4]
      See page 17 of the Cyphers and Masks Sourcebook for details.
    </Description>
    <Source Page="17">Cyphers and Masks</Source>
  </Duty>


</Duties>