﻿<?xml version="1.0" encoding="utf-8" ?>
<Rewards>
  <Reward>
    <Key>BS</Key>
    <Name>Battle Scar</Name>
    <Description>
      [H3]Battle Scar[h3]
      Please see page 95 of the Forged in Battle Sourcebook for details.
    </Description>
    <Source Page="95">Forged in Battle</Source>
    <OptionChoices>
      <OptionChoice>
        <Key>BSAB1</Key>
        <Name>Critical Injury</Name>
        <Options>
          <Option>
            <Key>BSAB1OP1</Key>
            <Name>Easy Severity</Name>
            <Description>Battle Scar received for an Easy-Severity Critical Injury</Description>
            <StartingAttributes>
              <Experience>20</Experience>
            </StartingAttributes>
          </Option>
          <Option>
            <Key>BSAB1OP2</Key>
            <Name>Average Severity</Name>
            <Description>Battle Scar received for an Average-Severity Critical Injury</Description>
            <StartingAttributes>
              <Experience>15</Experience>
            </StartingAttributes>
          </Option>
          <Option>
            <Key>BSAB1OP3</Key>
            <Name>Hard Severity</Name>
            <Description>Battle Scar received for a Hard-Severity Critical Injury</Description>
            <StartingAttributes>
              <Experience>10</Experience>
            </StartingAttributes>
          </Option>
          <Option>
            <Key>BSAB1OP4</Key>
            <Name>Daunting Severity</Name>
            <Description>Battle Scar received for a Daunting-Severity Critical Injury</Description>
            <StartingAttributes>
              <Experience>5</Experience>
            </StartingAttributes>
          </Option>
        </Options>
      </OptionChoice>
      <OptionChoice>
        <Key>BSAB2</Key>
        <Name>Acquired Talent</Name>
        <Options>
          <Option>
            <Key>BSAB2OP1</Key>
            <Name>Commanding Presence</Name>
            <Description>Receiving the Commanding Presence talent</Description>
            <TalentModifiers>
              <TalentModifier>
                <Key>COMMPRES</Key>
                <RankAdd>1</RankAdd>
              </TalentModifier>
            </TalentModifiers>
          </Option>
          <Option>
            <Key>BSAB2OP2</Key>
            <Name>Confidence</Name>
            <Description>Receiving the Confidence talent</Description>
            <TalentModifiers>
              <TalentModifier>
                <Key>CONF</Key>
                <RankAdd>1</RankAdd>
              </TalentModifier>
            </TalentModifiers>
          </Option>
          <Option>
            <Key>BSAB2OP3</Key>
            <Name>Intimidating</Name>
            <Description>Receiving the Intimidating talent</Description>
            <TalentModifiers>
              <TalentModifier>
                <Key>INTIM</Key>
                <RankAdd>1</RankAdd>
              </TalentModifier>
            </TalentModifiers>
          </Option>
          <Option>
            <Key>BSAB2OP4</Key>
            <Name>Steely Nerves</Name>
            <Description>Receiving the Steely Nerves talent</Description>
            <TalentModifiers>
              <TalentModifier>
                <Key>STNERV</Key>
              </TalentModifier>
            </TalentModifiers>
          </Option>
          <Option>
            <Key>BSAB2OP5</Key>
            <Name>Street Smarts</Name>
            <Description>Receiving the Street Smarts talent</Description>
            <TalentModifiers>
              <TalentModifier>
                <Key>STRSMART</Key>
                <RankAdd>1</RankAdd>
              </TalentModifier>
            </TalentModifiers>
          </Option>
          <Option>
            <Key>BSAB2OP6</Key>
            <Name>Grit</Name>
            <Description>Receiving the Grit talent</Description>
            <TalentModifiers>
              <TalentModifier>
                <Key>GRIT</Key>
                <RankAdd>1</RankAdd>
              </TalentModifier>
            </TalentModifiers>
          </Option>
          <Option>
            <Key>BSAB2OP7</Key>
            <Name>Hard Headed</Name>
            <Description>Receiving the Hard Headed talent</Description>
            <TalentModifiers>
              <TalentModifier>
                <Key>HARDHD</Key>
                <RankAdd>1</RankAdd>
              </TalentModifier>
            </TalentModifiers>
          </Option>
          <Option>
            <Key>BSAB2OP8</Key>
            <Name>Heightened Awareness</Name>
            <Description>Receiving the Heightened Awareness talent</Description>
            <TalentModifiers>
              <TalentModifier>
                <Key>HEIGHT</Key>
              </TalentModifier>
            </TalentModifiers>
          </Option>
          <Option>
            <Key>BSAB2OP9</Key>
            <Name>Resolve</Name>
            <Description>Receiving the Resolve talent</Description>
            <TalentModifiers>
              <TalentModifier>
                <Key>RESOLVE</Key>
                <RankAdd>1</RankAdd>
              </TalentModifier>
            </TalentModifiers>
          </Option>
          <Option>
            <Key>BSAB2OP10</Key>
            <Name>Sixth Sense</Name>
            <Description>Receiving the Sixth Sense talent</Description>
            <TalentModifiers>
              <TalentModifier>
                <Key>SIXSENSE</Key>
              </TalentModifier>
            </TalentModifiers>
          </Option>
          <Option>
            <Key>BSAB2OP11</Key>
            <Name>Blooded</Name>
            <Description>Receiving the Blooded talent</Description>
            <TalentModifiers>
              <TalentModifier>
                <Key>BLO</Key>
                <RankAdd>1</RankAdd>
              </TalentModifier>
            </TalentModifiers>
          </Option>
          <Option>
            <Key>BSAB2OP12</Key>
            <Name>Durable</Name>
            <Description>Receiving the Durable talent</Description>
            <TalentModifiers>
              <TalentModifier>
                <Key>DURA</Key>
                <RankAdd>1</RankAdd>
              </TalentModifier>
            </TalentModifiers>
          </Option>
          <Option>
            <Key>BSAB2OP13</Key>
            <Name>Rapid Recovery</Name>
            <Description>Receiving the Rapid Recovery talent</Description>
            <TalentModifiers>
              <TalentModifier>
                <Key>RAPREC</Key>
                <RankAdd>1</RankAdd>
              </TalentModifier>
            </TalentModifiers>
          </Option>
          <Option>
            <Key>BSAB2OP14</Key>
            <Name>Second Wind</Name>
            <Description>Receiving the Second Wind talent</Description>
            <TalentModifiers>
              <TalentModifier>
                <Key>SECWIND</Key>
                <RankAdd>1</RankAdd>
              </TalentModifier>
            </TalentModifiers>
          </Option>
          <Option>
            <Key>BSAB2OP15</Key>
            <Name>Toughened</Name>
            <Description>Receiving the Toughened talent</Description>
            <TalentModifiers>
              <TalentModifier>
                <Key>TOUGH</Key>
                <RankAdd>1</RankAdd>
              </TalentModifier>
            </TalentModifiers>
          </Option>
          <Option>
            <Key>BSAB2OP16</Key>
            <Name>Defensive Stance</Name>
            <Description>Receiving the Defensive Stance talent</Description>
            <TalentModifiers>
              <TalentModifier>
                <Key>DEFSTA</Key>
                <RankAdd>1</RankAdd>
              </TalentModifier>
            </TalentModifiers>
          </Option>
          <Option>
            <Key>BSAB2OP17</Key>
            <Name>Dodge</Name>
            <Description>Receiving the Dodge talent</Description>
            <TalentModifiers>
              <TalentModifier>
                <Key>DODGE</Key>
                <RankAdd>1</RankAdd>
              </TalentModifier>
            </TalentModifiers>
          </Option>
          <Option>
            <Key>BSAB2OP18</Key>
            <Name>Jump Up</Name>
            <Description>Receiving the Jump Up talent</Description>
            <TalentModifiers>
              <TalentModifier>
                <Key>JUMP</Key>
              </TalentModifier>
            </TalentModifiers>
          </Option>
          <Option>
            <Key>BSAB2OP19</Key>
            <Name>Rapid Reaction</Name>
            <Description>Receiving the Rapid Reaction talent</Description>
            <TalentModifiers>
              <TalentModifier>
                <Key>RAPREA</Key>
                <RankAdd>1</RankAdd>
              </TalentModifier>
            </TalentModifiers>
          </Option>
          <Option>
            <Key>BSAB2OP20</Key>
            <Name>Spare Clip</Name>
            <Description>Receiving the Spare Clip talent</Description>
            <TalentModifiers>
              <TalentModifier>
                <Key>SPARECL</Key>
              </TalentModifier>
            </TalentModifiers>
          </Option>
          <Option>
            <Key>BSAB2OP21</Key>
            <Name>Time To Go</Name>
            <Description>Receiving the Time To Go talent</Description>
            <TalentModifiers>
              <TalentModifier>
                <Key>TIME2GO</Key>
              </TalentModifier>
            </TalentModifiers>
          </Option>
        </Options>
      </OptionChoice>
    </OptionChoices>
  </Reward>
  <Reward>
    <Key>MAKERSMARK</Key>
    <Name>Maker's Mark</Name>
    <Description>
      [H3]Maker's Mark[h3]
      Please see page 95 of the Fully Operational Sourcebook for details.
    </Description>
    <Sources>
      <Source Page="95">Fully Operational</Source>
    </Sources>
    <RewardTitle>rteMakersMark</RewardTitle>
    <OptionChoices>
      <OptionChoice>
        <Key>MMAbb1</Key>
        <Name>Crafting</Name>
        <Options>
          <Option>
            <Key>MMAB1OP1</Key>
            <Name>Reduced Cost of Crafting Improvement</Name>
            <Description>May reduce cost of selected crafting improvement by [AD] for all future crafting checks.</Description>
            <SelectCraftImprovement>true</SelectCraftImprovement>
          </Option>
        </Options>
      </OptionChoice>
    </OptionChoices>
  </Reward>
  <Reward>
    <Key>PROVENEXP</Key>
    <Name>Proven Expertise</Name>
    <Description>
      [H3]Proven Expertise[h3]
      Please see page 95 of the Fully Operational Sourcebook for details.
    </Description>
    <Sources>
      <Source Page="95">Fully Operational</Source>
    </Sources>
    <RewardTitle>rteProvenExpertise</RewardTitle>
    <OptionChoices>
      <OptionChoice>
        <Key>PEAB1</Key>
        <Name>Skill Checks</Name>
        <Options>
          <Option>
            <Key>PEAB1OP1</Key>
            <Name>Expertise in a Field</Name>
            <Description>May spend [AD][AD] as [SU] on skill checks relevant to the area of expertise.</Description>
          </Option>
        </Options>
      </OptionChoice>
    </OptionChoices>
  </Reward>
  <Reward>
    <Key>REP</Key>
    <Name>Reputation</Name>
    <Description>
      [H3]Reputation[h3]
      Please see page 92 of the Keeping the Peace Sourcebook, or page 95 of the Fly Casual Sourcebook, for details.
    </Description>
    <Sources>
      <Source Page="92">Keeping the Peace</Source>
      <Source Page="95">Fly Casual</Source>
    </Sources>
    <RewardTitle>rteSphereOfInfluence</RewardTitle>
    <OptionChoices>
      <OptionChoice>
        <Key>REPAB1</Key>
        <Name>Reputation Level</Name>
        <Options>
          <Option>
            <Key>REPAB1OP1</Key>
            <Name>Level 3: Beloved</Name>
            <Description>Add [BO][BO][BO] to Charm and Negotiation checks.  Add [SE][SE][SE] to Coercion checks. May spend Destiny Point to find a person or place in need of defense.</Description>
          </Option>
          <Option>
            <Key>REPAB1OP2</Key>
            <Name>Level 2: Renowned</Name>
            <Description>Add [BO][BO] to Charm and Negotiation checks.  Add [SE][SE] to Coercion checks. May spend Destiny Point to find where PC is most needed.</Description>
          </Option>
          <Option>
            <Key>REPAB1OP3</Key>
            <Name>Level 1: Respected</Name>
            <Description>Add [BO] to Charm and Negotiation checks.  Add [SE] to Coercion checks.</Description>
          </Option>
          <Option>
            <Key>REPAB1OP4</Key>
            <Name>Level 0: Neutral</Name>
            <Description>Add [BO] or [SE] based upon individual interactions.</Description>
          </Option>
          <Option>
            <Key>REPAB1OP5</Key>
            <Name>Level -1: Feared</Name>
            <Description>Add [BO] to Coercion checks.  Add [SE] to Charm and Negotiation checks.</Description>
          </Option>
          <Option>
            <Key>REPAB1OP6</Key>
            <Name>Level -2: Notorious</Name>
            <Description>Add [BO][BO] to Coercion checks.  Add [SE][SE] to Charm and Negotiation checks. May spend Destiny Point to have individual overlook one of PC's misdeeds.</Description>
          </Option>
          <Option>
            <Key>REPAB1OP7</Key>
            <Name>Level -3: Dreaded</Name>
            <Description>Add [BO][BO][BO] to Coercion checks.  Add [SE][SE][SE] to Charm and Negotiation checks. May spend Destiny Point to have individual overlook one of PC's misdeeds, or have minion group flee in terror.</Description>
          </Option>
        </Options>
      </OptionChoice>
    </OptionChoices>
  </Reward>
  <Reward>
    <Key>ALLY</Key>
    <Name>Ally</Name>
    <Description>
      [H3]Ally[h3]
      Please see page 94 of the Knights of Fate Sourcebook for details.
    </Description>
    <Sources>
      <Source Page="94">Knights of Fate</Source>
    </Sources>
    <RewardTitle>rteName</RewardTitle>
    <OptionChoices>
      <OptionChoice>
        <Key>ALLYAB1</Key>
        <Name>Disposition</Name>
        <Options>
          <Option>
            <Key>ALLYAB1OP1</Key>
            <Name>Grateful Ally</Name>
            <Description>Once per session, ally may make one Knowledge, Skulduggery, or Streetwise check with [AB][AB][AB].</Description>
            <StartingAttributes>
              <Experience>5</Experience>
            </StartingAttributes>
          </Option>
          <Option>
            <Key>ALLYAB1OP2</Key>
            <Name>Indebted Ally</Name>
            <Description>Once per session, ally may make one Knowledge, Skulduggery, or Streetwise check with [AB][AB][PR].</Description>
            <StartingAttributes>
              <Experience>10</Experience>
            </StartingAttributes>
          </Option>
          <Option>
            <Key>ALLYAB1OP3</Key>
            <Name>Loyal Ally</Name>
            <Description>Once per session, ally may make one Knowledge, Skulduggery, or Streetwise check with [AB][AB][PR][PR].</Description>
            <StartingAttributes>
              <Experience>15</Experience>
            </StartingAttributes>
          </Option>
        </Options>
      </OptionChoice>
    </OptionChoices>
  </Reward>

  <Reward>
    <Key>APPRENTICE</Key>
    <Name>Apprentice</Name>
    <Description>
      [H3]Apprentice[h3]
      Please see page 94 of the Knights of Fate Sourcebook for details.
    </Description>
    <Sources>
      <Source Page="94">Knights of Fate</Source>
    </Sources>
    <RewardTitle>rteName</RewardTitle>
    <OptionChoices>
      <OptionChoice>
        <Key>APPRAB1</Key>
        <Name>Competency</Name>
        <Options>
          <Option>
            <Key>APPRAB1OP1</Key>
            <Name>Novice Apprentice</Name>
            <Description>Add [BO] to all combat checks.</Description>
            <StartingAttributes>
              <Experience>5</Experience>
            </StartingAttributes>
          </Option>
          <Option>
            <Key>APPRAB1OP2</Key>
            <Name>Trained Apprentice</Name>
            <Description>Add automatic [AD] to all combat checks, or add +1 melee defense (PC's choice at start of turn).</Description>
            <StartingAttributes>
              <Experience>10</Experience>
            </StartingAttributes>
          </Option>
          <Option>
            <Key>APPRAB1OP3</Key>
            <Name>Experienced Apprentice</Name>
            <Description>Add automatic [SU][AD] to all combat checks, or add +2 melee defense (PC's choice at start of turn).</Description>
            <StartingAttributes>
              <Experience>15</Experience>
            </StartingAttributes>
          </Option>
        </Options>
      </OptionChoice>
    </OptionChoices>
  </Reward>
  <Reward>
    <Key>FOLLOWER</Key>
    <Name>Follower</Name>
    <Description>
      [H3]Follower[h3]
      Please see page 95 of the Knights of Fate Sourcebook for details.
    </Description>
    <Sources>
      <Source Page="95">Knights of Fate</Source>
    </Sources>
    <RewardTitle>rteName</RewardTitle>
    <OptionChoices>
      <OptionChoice>
        <Key>FOLLAB1</Key>
        <Name>Allegiance</Name>
        <Options>
          <Option>
            <Key>FOLLAB1OP1</Key>
            <Name>Helpful Follower</Name>
            <Description>Makes one Computers, Mechanics, or Medicine check with [AB][AB][AB].</Description>
            <StartingAttributes>
              <Experience>5</Experience>
            </StartingAttributes>
          </Option>
          <Option>
            <Key>FOLLAB1OP2</Key>
            <Name>Loyal Follower</Name>
            <Description>Makes one Computers, Mechanics, or Medicine check with [AB][AB][PR].</Description>
            <StartingAttributes>
              <Experience>10</Experience>
            </StartingAttributes>
          </Option>
          <Option>
            <Key>FOLLAB1OP3</Key>
            <Name>Trusted Follower</Name>
            <Description>Makes one Computers, Mechanics, or Medicine check with [AB][AB][PR][PR].</Description>
            <StartingAttributes>
              <Experience>15</Experience>
            </StartingAttributes>
          </Option>
        </Options>
      </OptionChoice>
    </OptionChoices>
  </Reward>
  <Reward>
    <Key>SCHOOL</Key>
    <Name>School</Name>
    <Description>
      [H3]School[h3]
      Please see page 95 of the Knights of Fate Sourcebook for details.
    </Description>
    <Sources>
      <Source Page="95">Knights of Fate</Source>
    </Sources>
    <RewardTitle>rteName</RewardTitle>
    <OptionChoices>
      <OptionChoice>
        <Key>SCHOAB1</Key>
        <Name>Facility</Name>
        <Options>
          <Option>
            <Key>SCHOAB1OP1</Key>
            <Name>Local Gym</Name>
            <Description>Add [BO] to follower and ally checks, and to checks aided by an apprentice.</Description>
            <StartingAttributes>
              <Experience>5</Experience>
            </StartingAttributes>
          </Option>
          <Option>
            <Key>SCHOAB1OP2</Key>
            <Name>Respected Dojo</Name>
            <Description>Add [BO][BO] to follower and ally checks, and [AD] to checks aided by an apprentice.</Description>
            <StartingAttributes>
              <Experience>10</Experience>
            </StartingAttributes>
          </Option>
          <Option>
            <Key>SCHOAB1OP3</Key>
            <Name>Training Academy</Name>
            <Description>Upgrade ability of follower and ally checks, and add [AD][SU] to checks aided by an apprentice.</Description>
            <StartingAttributes>
              <Experience>15</Experience>
            </StartingAttributes>
          </Option>
        </Options>
      </OptionChoice>
    </OptionChoices>
  </Reward>
  <Reward>
    <Key>MEDALS</Key>
    <Name>Medal of Honor</Name>
    <Description>
      [H3]Medal of Honor[h3]
      Please see page 92 of the Lead by Example Sourcebook for details.
    </Description>
    <Sources>
      <Source Page="92">Lead by Example</Source>
    </Sources>
    <OptionChoices>
      <OptionChoice>
        <Key>MEDALAB1</Key>
        <Name>Medal</Name>
        <Options>
          <Option>
            <Key>MEDALAB1OP1</Key>
            <Name>Corellian Cross</Name>
            <Description>You are the recipient of the Corellian Cross for gallantry in the field.</Description>
          </Option>
          <Option>
            <Key>MEDALAB1OP2</Key>
            <Name>Illudium Star</Name>
            <Description>You are the recipient of the Illudium Star for actions above and beyond the call of duty.</Description>
          </Option>
          <Option>
            <Key>MEDALAB1OP3</Key>
            <Name>Kalidor Crescent</Name>
            <Description>You are the recipient of the Kalidor Crescent for conspicuous and intrepid gallantry at the risk of life above and byond the call of duty.</Description>
          </Option>
          <Option>
            <Key>MEDALAB1OP4</Key>
            <Name>Mantooine Medallion</Name>
            <Description>You are the recipient of the Mantooine Medallion for exhibiting exceptional bravery in the face of an enemy force.</Description>
          </Option>
          <Option>
            <Key>MEDALAB1OP5</Key>
            <Name>Star of Alderaan</Name>
            <Description>You are the recipient of the Star of Alderaan for acts of conspicuous bravery during combat operations.</Description>
          </Option>
        </Options>
      </OptionChoice>
    </OptionChoices>
  </Reward>
  <Reward>
    <Key>MEDALSCAMP</Key>
    <Name>Campaign Medal/Ribbon</Name>
    <Description>
      [H3]Campaign Medal or Ribbon[h3]
      Please see page 95 of the Lead by Example Sourcebook for details.
    </Description>
    <Sources>
      <Source Page="95">Lead by Example</Source>
    </Sources>
    <OptionChoices>
      <OptionChoice>
        <Key>MEDALCAB1</Key>
        <Name>Medal/Ribbon</Name>
        <Options>
          <Option>
            <Key>MEDALCAB1OP1</Key>
            <Name>Battle of Endor</Name>
            <Description>You have earned the Battle of Endor campaign ribbon for participating in the Battle of Endor.</Description>
          </Option>
          <Option>
            <Key>MEDALCAB1OP2</Key>
            <Name>Death Star</Name>
            <Description>You have earned the Death Star campaign medal for flying against the Death Star in the Battle of Yavin.</Description>
          </Option>
          <Option>
            <Key>MEDALCAB1OP3</Key>
            <Name>Death Star II</Name>
            <Description>You have earned the Death Star II campaign medal flying against Imperial Forces in the Battle of Endor.</Description>
          </Option>
          <Option>
            <Key>MEDALCAB1OP4</Key>
            <Name>Defense of Hoth</Name>
            <Description>You have earned the Defense of Hoth campaign medal by being assigned to Echo Base during the evacuation of Hoth.</Description>
          </Option>
          <Option>
            <Key>MEDALCAB1OP5</Key>
            <Name>Defense of Yavin</Name>
            <Description>You have earned the Defense of Yavin campaign medal for being present at the Battle of Yavin.</Description>
          </Option>
        </Options>
      </OptionChoice>
    </OptionChoices>
  </Reward>
  <Reward>
    <Key>DECORATIONS</Key>
    <Name>Military/Civilian Decoration</Name>
    <Description>
      [H3]Military or Civilian Decoration[h3]
      Please see page 95 of the Lead by Example Sourcebook for details.
    </Description>
    <Sources>
      <Source Page="95">Lead by Example</Source>
    </Sources>
    <OptionChoices>
      <OptionChoice>
        <Key>DECAB1</Key>
        <Name>Decoration</Name>
        <Options>
          <Option>
            <Key>DECAB1OP1</Key>
            <Name>Redbird Badge</Name>
            <Description>You have earned the Redbird badge for being wounded in the line of duty.</Description>
          </Option>
          <Option>
            <Key>DECAB1OP2</Key>
            <Name>Distinguished Flying Medal</Name>
            <Description>You have earned the Distinguished Flying Medal.</Description>
          </Option>
          <Option>
            <Key>DECAB1OP3</Key>
            <Name>Aviator's Wings</Name>
            <Description>You have earned your Aviator's Wings as a pilot with the Alliance.</Description>
          </Option>
          <Option>
            <Key>DECAB1OP4</Key>
            <Name>Infantryman's Badge</Name>
            <Description>You have earned the Infantryman's Badge for completing your first combat mission.</Description>
          </Option>
        </Options>
      </OptionChoice>
    </OptionChoices>
  </Reward>
  <Reward>
    <Key>HONTITLE</Key>
    <Name>Honored Title</Name>
    <Description>
      [H3]Honored Title[h3]
      Please see page 92 of the Knights of Fate Sourcebook for details.
    </Description>
    <Sources>
      <Source Page="92">Knights of Fate</Source>
    </Sources>
    <OptionChoices>
      <OptionChoice>
        <Key>CLASSTITLEAB1</Key>
        <Name>Type</Name>
        <Options>
          <Option>
            <Key>CLASSTITLEAB1OP1</Key>
            <Name>Classroom Title</Name>
            <Description>Received for formalized study of a martial art.[BR][B]Applicable Social Skills[b]:Coercion, Negotiation</Description>
          </Option>
          <Option>
            <Key>CLASSTITLEAB1OP2</Key>
            <Name>Championship Title</Name>
            <Description>Received for winning a competition.[BR][B]Applicable Social Skills[b]: Charm, Deception</Description>
          </Option>
          <Option>
            <Key>CLASSTITLEAB1OP3</Key>
            <Name>Legendary Title</Name>
            <Description>Received for combat experience.[BR][B]Applicable Social Skills[b]: Coercion, Leadership</Description>
          </Option>
        </Options>
      </OptionChoice>
      <OptionChoice>
        <Key>CLASSTITLEAB2</Key>
        <Name>Benefits</Name>
        <Options>
          <Option>
            <Key>CLASSTITLEAB2OP1</Key>
            <Name>Minor Title</Name>
            <Description>Once per encounter, add [BO][BO] to the next applicable social skill check.</Description>
            <StartingAttributes>
              <Experience>5</Experience>
            </StartingAttributes>
          </Option>
          <Option>
            <Key>CLASSTITLEAB2OP2</Key>
            <Name>Moderate Title</Name>
            <Description>Once per encounter, upgrade ability of the next applicable social skill check.</Description>
            <StartingAttributes>
              <Experience>10</Experience>
            </StartingAttributes>
          </Option>
          <Option>
            <Key>CLASSTITLEAB2OP3</Key>
            <Name>Major Title</Name>
            <Description>Once per encounter, add [SU][SU] to the next applicable social skill check.</Description>
            <StartingAttributes>
              <Experience>15</Experience>
            </StartingAttributes>
          </Option>
        </Options>
      </OptionChoice>
    </OptionChoices>
  </Reward>
</Rewards>