<?xml version="1.0" encoding="UTF-8" standalone="yes"?>
<Character>
  <Key>CharacterGENDIANCIE</Key>
  <Name>Diancie</Name>
  <Description>
    <CharName>Diancie</CharName>
    <OtherFeatures>3</OtherFeatures>
  </Description>
  <Story>
        Diancie
        
        &lt;!--[CDATA[--&gt;&lt;br&gt;&lt;br&gt;&lt;b&gt;Starting Stats&lt;/b&gt;&lt;!--]]--&gt;
        
&lt;!--[CDATA[--&gt;&lt;br&gt;Brawn: [2]&lt;!--]]--&gt;
        
&lt;!--[CDATA[--&gt;&lt;br&gt;Agility: [2]&lt;!--]]--&gt;
        
&lt;!--[CDATA[--&gt;&lt;br&gt;Intellect: [3]&lt;!--]]--&gt;
        
&lt;!--[CDATA[--&gt;&lt;br&gt;Cunning: [3]&lt;!--]]--&gt;
        
&lt;!--[CDATA[--&gt;&lt;br&gt;Willpower: [4]&lt;!--]]--&gt;
        
&lt;!--[CDATA[--&gt;&lt;br&gt;Presence: [4]&lt;!--]]--&gt;
        
&lt;!--[CDATA[--&gt;&lt;br&gt;Wound Threshold: [12]&lt;!--]]--&gt;
        
&lt;!--[CDATA[--&gt;&lt;br&gt;Strain Threshold: [12]&lt;!--]]--&gt;
        
&lt;!--[CDATA[--&gt;&lt;br&gt;Defense Ranged: [4] (will not autopopulate)&lt;!--]]--&gt;
        
&lt;!--[CDATA[--&gt;&lt;br&gt;Defense Melee: [4] (will not autopopulate)&lt;!--]]--&gt;                
    
    </Story>
  <Portrait/>
  <Species>
    <SpeciesKey>GENDIANCIE</SpeciesKey>
    <SubSpeciesKey/>
    <SelectedOptions/>
    <NonCareerSkills/>
  </Species>
  <Gear>
    <CharGear>
      <ItemKey>GENCLEARBODY</ItemKey>
      <Count>1</Count>
    </CharGear>
  </Gear>
  <Characteristics>
    <CharCharacteristic>
      <Key>BR</Key>
      <Name>Brawn</Name>
    </CharCharacteristic>
    <CharCharacteristic>
      <Key>AG</Key>
      <Name>Agility</Name>
    </CharCharacteristic>
    <CharCharacteristic>
      <Key>INT</Key>
      <Name>Intellect</Name>
    </CharCharacteristic>
    <CharCharacteristic>
      <Key>CUN</Key>
      <Name>Cunning</Name>
    </CharCharacteristic>
    <CharCharacteristic>
      <Key>WIL</Key>
      <Name>Willpower</Name>
    </CharCharacteristic>
    <CharCharacteristic>
      <Key>PR</Key>
      <Name>Presence</Name>
    </CharCharacteristic>
  </Characteristics>
  <Skills>
    <CharSkill>
      <Key>BRAWL</Key>
    </CharSkill>
    <CharSkill>
      <Key>RANGLT</Key>
    </CharSkill>
    <CharSkill>
      <Key>LORE</Key>
    </CharSkill>
    <CharSkill>
      <Key>RESIL</Key>
    </CharSkill>
    <CharSkill>
      <Key>VIGIL</Key>
    </CharSkill>
  </Skills>
  <Experience>
    <ExperienceRanks>
      <StartingRanks>0</StartingRanks>
    </ExperienceRanks>
  </Experience>
  <Career/>
  <Specializations/>
  <Attributes/>
  <Weapons/>
  <Armor/>
  <Motivations/>
  <ForcePowers/>
  <SigAbilities/>
  <ObOptions/>
  <Obligations/>
  <DutOptions/>
  <Duties/>
  <Class/>
  <Hook/>
  <Attitude/>
  <Vehicles/>
  <NPCs/>
  <SummaryPriorities/>
  <Credits/>
  <Morality/>
  <Grants/>
  <UseGrants>false</UseGrants>
  <Rigger/>
  <Schematics/>
  <Rewards/>
  <AutoRecacl>true</AutoRecacl>
</Character>