<?xml version="1.0"?>
<Career xmlns:xsi="http://www.w3.org/2001/XMLSchema-instance" xmlns:xsd="http://www.w3.org/2001/XMLSchema">
  <Key>SENTINEL</Key>
  <Name>Sentinel</Name>
  <Description>[H4]Sentinel[h4]
Please see page 90 of the Force and Destiny Core Rulebook for details.</Description>
  <Source Page="90">Force and Destiny Core Rulebook</Source>
  <CareerSkills>
    <Key>COMP</Key>
    <Key>CORE</Key>
    <Key>DECEP</Key>
    <Key>PERC</Key>
    <Key>SKUL</Key>
    <Key>STEAL</Key>
  </CareerSkills>
  <Specializations>
    <Key>ARTISAN</Key>
    <Key>SHADOW</Key>
    <Key>SHIEN</Key>
    <Key>INVESTIGATOR</Key>
    <Key>RACER</Key>
    <Key>SENTRY</Key>
  </Specializations>
  <Attributes>
    <WoundThreshold>0</WoundThreshold>
    <StrainThreshold>0</StrainThreshold>
    <DefenseRanged>0</DefenseRanged>
    <DefenseMelee>0</DefenseMelee>
    <SoakValue>0</SoakValue>
    <Experience>0</Experience>
    <ForceRating>1</ForceRating>
    <Requirement>
      <WearingArmor>false</WearingArmor>
      <Career>false</Career>
      <Specialization>false</Specialization>
      <NonCareer>false</NonCareer>
      <SoakAtLeast>0</SoakAtLeast>
    </Requirement>
  </Attributes>
  <FreeRanks>3</FreeRanks>
</Career>