<?xml version="1.0"?>
<Career xmlns:xsi="http://www.w3.org/2001/XMLSchema-instance" xmlns:xsd="http://www.w3.org/2001/XMLSchema">
  <Key>WAR</Key>
  <Name>Warrior</Name>
  <Description>[H4]Warrior[h4]
Please see page 96 of the Force and Destiny Core Rulebook for details.</Description>
  <Source Page="96">Force and Destiny Core Rulebook</Source>
  <CareerSkills>
    <Key>ATHL</Key>
    <Key>BRAWL</Key>
    <Key>COOL</Key>
    <Key>MELEE</Key>
    <Key>PERC</Key>
    <Key>SURV</Key>
  </CareerSkills>
  <Specializations>
    <Key>AGGRES</Key>
    <Key>SHIICHO</Key>
    <Key>STARACE</Key>
    <Key>COLOSSUS</Key>
    <Key>JUYO</Key>
    <Key>STEELHAND</Key>
  </Specializations>
  <Attributes>
    <WoundThreshold>0</WoundThreshold>
    <StrainThreshold>0</StrainThreshold>
    <DefenseRanged>0</DefenseRanged>
    <DefenseMelee>0</DefenseMelee>
    <SoakValue>0</SoakValue>
    <Experience>0</Experience>
    <ForceRating>1</ForceRating>
    <Requirement>
      <WearingArmor>false</WearingArmor>
      <Career>false</Career>
      <Specialization>false</Specialization>
      <NonCareer>false</NonCareer>
      <SoakAtLeast>0</SoakAtLeast>
    </Requirement>
  </Attributes>
  <FreeRanks>3</FreeRanks>
</Career>