<?xml version="1.0" encoding="UTF-8" standalone="yes"?>
<Species>
  <Key>GENALOLA</Key>
  <Name>Alola</Name>
  <Description>A region built on tourism, Alola is a beautiful paradise that will drain your wealth without a second thought.  Everything has a price.</Description>
  <StartingChars>
    <Brawn>2</Brawn>
    <Agility>1</Agility>
    <Intellect>1</Intellect>
    <Cunning>2</Cunning>
    <Willpower>1</Willpower>
    <Presence>2</Presence>
  </StartingChars>
  <StartingAttrs>
    <WoundThreshold>10</WoundThreshold>
    <StrainThreshold>10</StrainThreshold>
    <SoakValue>0</SoakValue>
    <DefenseMelee>0</DefenseMelee>
    <DefenseRanged>0</DefenseRanged>
    <Experience>0</Experience>
    <ForceRating>0</ForceRating>
  </StartingAttrs>
  <WeaponModifiers/>
  <TalentModifiers/>
  <OptionChoices/>
  <NoForceAbilities>false</NoForceAbilities>
  <SkillModifiers>
    <SkillModifier>
      <Key>NEG</Key>
      <RankStart>1</RankStart>
      <RankLimit>2</RankLimit>
    </SkillModifier>
    <SkillModifier>
      <Key>SKUL</Key>
      <RankStart>1</RankStart>
      <RankLimit>2</RankLimit>
    </SkillModifier>
  </SkillModifiers>
</Species>