<?xml version="1.0" encoding="UTF-8" standalone="yes"?>
<Species>
  <Key>GENAMPHAROS(MEGAAMPHAROS)</Key>
  <Name>Ampharos (Mega Ampharos)</Name>
  <Description/>
  <StartingChars>
    <Brawn>2</Brawn>
    <Agility>1</Agility>
    <Intellect>4</Intellect>
    <Cunning>2</Cunning>
    <Willpower>3</Willpower>
    <Presence>3</Presence>
  </StartingChars>
  <StartingAttrs>
    <WoundThreshold>12</WoundThreshold>
    <StrainThreshold>11</StrainThreshold>
    <SoakValue>0</SoakValue>
    <DefenseMelee>3</DefenseMelee>
    <DefenseRanged>3</DefenseRanged>
    <Experience>0</Experience>
    <ForceRating>0</ForceRating>
  </StartingAttrs>
  <WeaponModifiers/>
  <TalentModifiers/>
  <OptionChoices/>
  <NoForceAbilities>false</NoForceAbilities>
  <SkillModifiers/>
</Species>