<?xml version="1.0" encoding="UTF-8" standalone="yes"?>
<Species>
  <Key>GENAUDINO(MEGAAUDINO)</Key>
  <Name>Audino (Mega Audino)</Name>
  <Description/>
  <StartingChars>
    <Brawn>3</Brawn>
    <Agility>2</Agility>
    <Intellect>2</Intellect>
    <Cunning>2</Cunning>
    <Willpower>3</Willpower>
    <Presence>3</Presence>
  </StartingChars>
  <StartingAttrs>
    <WoundThreshold>13</WoundThreshold>
    <StrainThreshold>12</StrainThreshold>
    <SoakValue>0</SoakValue>
    <DefenseMelee>3</DefenseMelee>
    <DefenseRanged>3</DefenseRanged>
    <Experience>0</Experience>
    <ForceRating>0</ForceRating>
  </StartingAttrs>
  <WeaponModifiers/>
  <TalentModifiers/>
  <OptionChoices/>
  <NoForceAbilities>false</NoForceAbilities>
  <SkillModifiers/>
</Species>