<?xml version="1.0" encoding="UTF-8" standalone="yes"?>
<Species>
  <Key>GENCHANSEY</Key>
  <Name>Chansey</Name>
  <Description/>
  <StartingChars>
    <Brawn>6</Brawn>
    <Agility>2</Agility>
    <Intellect>1</Intellect>
    <Cunning>1</Cunning>
    <Willpower>1</Willpower>
    <Presence>3</Presence>
  </StartingChars>
  <StartingAttrs>
    <WoundThreshold>16</WoundThreshold>
    <StrainThreshold>12</StrainThreshold>
    <SoakValue>0</SoakValue>
    <DefenseMelee>1</DefenseMelee>
    <DefenseRanged>3</DefenseRanged>
    <Experience>0</Experience>
    <ForceRating>0</ForceRating>
  </StartingAttrs>
  <WeaponModifiers/>
  <TalentModifiers/>
  <OptionChoices/>
  <NoForceAbilities>false</NoForceAbilities>
  <SkillModifiers/>
</Species>