<?xml version="1.0" encoding="UTF-8" standalone="yes"?>
<Species>
  <Key>GENEMPOLEON</Key>
  <Name>Empoleon</Name>
  <Description/>
  <StartingChars>
    <Brawn>2</Brawn>
    <Agility>2</Agility>
    <Intellect>3</Intellect>
    <Cunning>2</Cunning>
    <Willpower>2</Willpower>
    <Presence>3</Presence>
  </StartingChars>
  <StartingAttrs>
    <WoundThreshold>12</WoundThreshold>
    <StrainThreshold>12</StrainThreshold>
    <SoakValue>0</SoakValue>
    <DefenseMelee>2</DefenseMelee>
    <DefenseRanged>3</DefenseRanged>
    <Experience>0</Experience>
    <ForceRating>0</ForceRating>
  </StartingAttrs>
  <WeaponModifiers/>
  <TalentModifiers/>
  <OptionChoices/>
  <NoForceAbilities>false</NoForceAbilities>
  <SkillModifiers/>
</Species>