<?xml version="1.0" encoding="UTF-8" standalone="yes"?>
<Species>
  <Key>GENHOENN</Key>
  <Name>Hoenn</Name>
  <Description>The weather in the Hoenn region is unpredictable at best and dangerous at worst.  The people of this region are industrious, hearty and careful to watch the wind.</Description>
  <StartingChars>
    <Brawn>2</Brawn>
    <Agility>1</Agility>
    <Intellect>1</Intellect>
    <Cunning>2</Cunning>
    <Willpower>1</Willpower>
    <Presence>2</Presence>
  </StartingChars>
  <StartingAttrs>
    <WoundThreshold>10</WoundThreshold>
    <StrainThreshold>10</StrainThreshold>
    <SoakValue>0</SoakValue>
    <DefenseMelee>0</DefenseMelee>
    <DefenseRanged>0</DefenseRanged>
    <Experience>0</Experience>
    <ForceRating>0</ForceRating>
  </StartingAttrs>
  <WeaponModifiers/>
  <TalentModifiers/>
  <OptionChoices/>
  <NoForceAbilities>false</NoForceAbilities>
  <SkillModifiers>
    <SkillModifier>
      <Key>RESIL</Key>
      <RankStart>1</RankStart>
      <RankLimit>2</RankLimit>
    </SkillModifier>
    <SkillModifier>
      <Key>SURV</Key>
      <RankStart>1</RankStart>
      <RankLimit>2</RankLimit>
    </SkillModifier>
  </SkillModifiers>
</Species>