<?xml version="1.0" encoding="UTF-8" standalone="yes"?>
<Species>
  <Key>GENPALDEA</Key>
  <Name>Paldea</Name>
  <Description>The region of friendship, Paldea culture embraces people and Pokes and encourages community to a far greater extent than any other region.</Description>
  <StartingChars>
    <Brawn>1</Brawn>
    <Agility>2</Agility>
    <Intellect>1</Intellect>
    <Cunning>2</Cunning>
    <Willpower>1</Willpower>
    <Presence>2</Presence>
  </StartingChars>
  <StartingAttrs>
    <WoundThreshold>10</WoundThreshold>
    <StrainThreshold>10</StrainThreshold>
    <SoakValue>0</SoakValue>
    <DefenseMelee>0</DefenseMelee>
    <DefenseRanged>0</DefenseRanged>
    <Experience>0</Experience>
    <ForceRating>0</ForceRating>
  </StartingAttrs>
  <WeaponModifiers/>
  <TalentModifiers/>
  <OptionChoices/>
  <NoForceAbilities>false</NoForceAbilities>
  <SkillModifiers>
    <SkillModifier>
      <Key>PILOTSP</Key>
      <RankStart>1</RankStart>
      <RankLimit>2</RankLimit>
    </SkillModifier>
    <SkillModifier>
      <Key>PILOTPL</Key>
      <RankStart>1</RankStart>
      <RankLimit>2</RankLimit>
    </SkillModifier>
  </SkillModifiers>
</Species>