<?xml version="1.0" encoding="UTF-8" standalone="yes"?>
<Species>
  <Key>GENUNOVA</Key>
  <Name>Unova</Name>
  <Description>Unova was built on strife. wars, battles, alliances, and treaties have made this region what it is today.  Strength pushes its people forward, but strength without thought is folly.</Description>
  <StartingChars>
    <Brawn>2</Brawn>
    <Agility>1</Agility>
    <Intellect>2</Intellect>
    <Cunning>2</Cunning>
    <Willpower>1</Willpower>
    <Presence>1</Presence>
  </StartingChars>
  <StartingAttrs>
    <WoundThreshold>10</WoundThreshold>
    <StrainThreshold>10</StrainThreshold>
    <SoakValue>0</SoakValue>
    <DefenseMelee>0</DefenseMelee>
    <DefenseRanged>0</DefenseRanged>
    <Experience>0</Experience>
    <ForceRating>0</ForceRating>
  </StartingAttrs>
  <WeaponModifiers/>
  <TalentModifiers/>
  <OptionChoices/>
  <NoForceAbilities>false</NoForceAbilities>
  <SkillModifiers>
    <SkillModifier>
      <Key>COERC</Key>
      <RankStart>1</RankStart>
      <RankLimit>2</RankLimit>
    </SkillModifier>
    <SkillModifier>
      <Key>DECEP</Key>
      <RankStart>1</RankStart>
      <RankLimit>2</RankLimit>
    </SkillModifier>
  </SkillModifiers>
</Species>