<?xml version="1.0"?>
<SigAbility xmlns:xsi="http://www.w3.org/2001/XMLSchema-instance" xmlns:xsd="http://www.w3.org/2001/XMLSchema">
  <Key>INVENTIVECREATION</Key>
  <Name>Inventive Creation</Name>
  <Description>
    [H4]Technician Signature Ability: Inventive Creation[h4]
    Please see page 39 of the Special Modifications Sourcebook for details.
  </Description>
  <Source Page="39">Special Modifications</Source>
  <AbilityRows>
    <AbilityRow>
      <Abilities>
        <Key>INVENTIVECREATIONBASIC</Key>
        <Key>INVENTIVECREATIONBASIC</Key>
        <Key>INVENTIVECREATIONBASIC</Key>
        <Key>INVENTIVECREATIONBASIC</Key>
      </Abilities>
      <Directions>
        <Direction />
        <Direction>
          <Down>true</Down>
        </Direction>
        <Direction />
        <Direction>
          <Down>true</Down>
        </Direction>
      </Directions>
      <AbilitySpan>
        <Span>4</Span>
        <Span>0</Span>
        <Span>0</Span>
        <Span>0</Span>
      </AbilitySpan>
      <Costs>
        <Cost>30</Cost>
        <Cost>0</Cost>
        <Cost>0</Cost>
        <Cost>0</Cost>
      </Costs>
    </AbilityRow>
    <AbilityRow>
      <Abilities>
        <Key>INVENTIVECREATIONSETBACK</Key>
        <Key>INVENTIVECREATIONRARITY</Key>
        <Key>INVENTIVECREATIONSETBACK</Key>
        <Key>INVENTIVECREATIONRARITY</Key>
      </Abilities>
      <Directions>
        <Direction>
          <Right>true</Right>
          <Down>true</Down>
        </Direction>
        <Direction>
          <Left>true</Left>
          <Up>true</Up>
        </Direction>
        <Direction>
          <Right>true</Right>
          <Down>true</Down>
        </Direction>
        <Direction>
          <Left>true</Left>
          <Up>true</Up>
        </Direction>
      </Directions>
      <AbilitySpan>
        <Span>1</Span>
        <Span>1</Span>
        <Span>1</Span>
        <Span>1</Span>
      </AbilitySpan>
      <Costs>
        <Cost>10</Cost>
        <Cost>10</Cost>
        <Cost>10</Cost>
        <Cost>10</Cost>
      </Costs>
    </AbilityRow>
    <AbilityRow>
      <Abilities>
        <Key>INVENTIVECREATIONDIFF</Key>
        <Key>INVENTIVECREATIONRARITY</Key>
        <Key>INVENTIVECREATIONDESTINY</Key>
        <Key>INVENTIVECREATIONSCALE</Key>
      </Abilities>
      <Directions>
        <Direction>
          <Right>true</Right>
          <Up>true</Up>
        </Direction>
        <Direction>
          <Left>true</Left>
          <Right>true</Right>
        </Direction>
        <Direction>
          <Left>true</Left>
          <Right>true</Right>
          <Up>true</Up>
        </Direction>
        <Direction>
          <Left>true</Left>
        </Direction>
      </Directions>
      <AbilitySpan>
        <Span>1</Span>
        <Span>1</Span>
        <Span>1</Span>
        <Span>1</Span>
      </AbilitySpan>
      <Costs>
        <Cost>15</Cost>
        <Cost>15</Cost>
        <Cost>15</Cost>
        <Cost>15</Cost>
      </Costs>
    </AbilityRow>
  </AbilityRows>
  <Careers>
    <Key>TECHNICIAN</Key>
  </Careers>
  <MatchingNodes>
    <Node>false</Node>
    <Node>true</Node>
    <Node>true</Node>
    <Node>false</Node>
  </MatchingNodes>
</SigAbility>