<?xml version="1.0"?>
<SigAbility xmlns:xsi="http://www.w3.org/2001/XMLSchema-instance" xmlns:xsd="http://www.w3.org/2001/XMLSchema">
  <Key>HARDERTHEYFALL</Key>
  <Name>The Harder They Fall</Name>
  <Description>See page 34 of the Fully Operational Sourcebook for details.
</Description>
  <Source Page="34">Fully Operational</Source>
  <AbilityRows>
    <AbilityRow>
      <Abilities>
        <Key>HARDERTHEYFALLBASE</Key>
        <Key>HARDERTHEYFALLBASE</Key>
        <Key>HARDERTHEYFALLBASE</Key>
        <Key>HARDERTHEYFALLBASE</Key>
      </Abilities>
      <Directions>
        <Direction />
        <Direction>
          <Down>true</Down>
        </Direction>
        <Direction>
          <Down>true</Down>
        </Direction>
        <Direction />
      </Directions>
      <AbilitySpan>
        <Span>4</Span>
        <Span>0</Span>
        <Span>0</Span>
        <Span>0</Span>
      </AbilitySpan>
      <Costs>
        <Cost>30</Cost>
        <Cost>0</Cost>
        <Cost>0</Cost>
        <Cost>0</Cost>
      </Costs>
    </AbilityRow>
    <AbilityRow>
      <Abilities>
        <Key>HARDERTHEYFALINCNUMBERL</Key>
        <Key>HARDERTHEYFALLCHANGESKILL</Key>
        <Key>HARDERTHEYFALINCNUMBERL</Key>
        <Key>HARDERTHEYFALLIGNOREDEF</Key>
      </Abilities>
      <Directions>
        <Direction>
          <Right>true</Right>
        </Direction>
        <Direction>
          <Left>true</Left>
          <Up>true</Up>
          <Down>true</Down>
        </Direction>
        <Direction>
          <Right>true</Right>
          <Up>true</Up>
        </Direction>
        <Direction>
          <Left>true</Left>
          <Down>true</Down>
        </Direction>
      </Directions>
      <AbilitySpan>
        <Span>1</Span>
        <Span>1</Span>
        <Span>1</Span>
        <Span>1</Span>
      </AbilitySpan>
      <Costs>
        <Cost>10</Cost>
        <Cost>10</Cost>
        <Cost>10</Cost>
        <Cost>10</Cost>
      </Costs>
    </AbilityRow>
    <AbilityRow>
      <Abilities>
        <Key>HARDERTHEYFALLIGNOREDEF</Key>
        <Key>HARDERTHEYFALLDESTINY</Key>
        <Key>HARDERTHEYFALLREDUCEDIFF</Key>
        <Key>HARDERTHEYFALLFREQ</Key>
      </Abilities>
      <Directions>
        <Direction>
          <Right>true</Right>
        </Direction>
        <Direction>
          <Left>true</Left>
          <Up>true</Up>
        </Direction>
        <Direction>
          <Right>true</Right>
        </Direction>
        <Direction>
          <Left>true</Left>
          <Up>true</Up>
        </Direction>
      </Directions>
      <AbilitySpan>
        <Span>1</Span>
        <Span>1</Span>
        <Span>1</Span>
        <Span>1</Span>
      </AbilitySpan>
      <Costs>
        <Cost>15</Cost>
        <Cost>15</Cost>
        <Cost>15</Cost>
        <Cost>15</Cost>
      </Costs>
    </AbilityRow>
  </AbilityRows>
  <Careers>
    <Key>ENGINEER</Key>
  </Careers>
  <MatchingNodes>
    <Node>true</Node>
    <Node>false</Node>
    <Node>false</Node>
    <Node>true</Node>
  </MatchingNodes>
</SigAbility>