﻿<?xml version="1.0" encoding="utf-8"?>
<Specialization>
  <Key>AGITATOR</Key>
  <Name>Agitator</Name>
  <Description>
    [H4]Agitator - Rousing the Masses[h4]
    Please see page 80 of the Age of Rebellion Core Rulebook for details.
  </Description>
  <Source Page="80">Age of Rebellion Core Rulebook</Source>
  <CareerSkills>
    <Key>COERC</Key>
    <Key>DECEP</Key>
    <Key>UND</Key>
    <Key>SW</Key>
  </CareerSkills>
  <TalentRows>
    <TalentRow>
      <Index>0</Index>
      <Cost>5</Cost>
      <Talents>
        <Key>PLAUSDEN</Key>
        <Key>NOBFOOL</Key>
        <Key>GRIT</Key>
        <Key>INTIM</Key>
      </Talents>
      <Directions>
        <Direction>
        </Direction>
        <Direction>
          <Down>true</Down>
        </Direction>
        <Direction>
          <Down>true</Down>
        </Direction>
        <Direction>
        </Direction>
      </Directions>
    </TalentRow>
    <TalentRow>
      <Index>1</Index>
      <Cost>10</Cost>
      <Talents>
        <Key>STRSMART</Key>
        <Key>STRSMART</Key>
        <Key>CONV</Key>
        <Key>INTIM</Key>
      </Talents>
      <Directions>
        <Direction>
          <Down>true</Down>
        </Direction>
        <Direction>
          <Up>true</Up>
          <Down>true</Down>
        </Direction>
        <Direction>
          <Down>true</Down>
          <Up>true</Up>
        </Direction>
        <Direction>
          <Down>true</Down>
        </Direction>
      </Directions>
    </TalentRow>
    <TalentRow>
      <Index>2</Index>
      <Cost>15</Cost>
      <Talents>
        <Key>CONV</Key>
        <Key>PLAUSDEN</Key>
        <Key>SCATH</Key>
        <Key>GRIT</Key>
      </Talents>
      <Directions>
        <Direction>
          <Up>true</Up>
          <Right>true</Right>
        </Direction>
        <Direction>
          <Right>true</Right>
          <Down>true</Down>
          <Up>true</Up>
          <Left>true</Left>
        </Direction>
        <Direction>
          <Right>true</Right>
          <Up>true</Up>
          <Down>true</Down>
          <Left>true</Left>
        </Direction>
        <Direction>
          <Up>true</Up>
          <Left>true</Left>
        </Direction>
      </Directions>
    </TalentRow>
    <TalentRow>
      <Index>3</Index>
      <Cost>20</Cost>
      <Talents>
        <Key>NATENF</Key>
        <Key>NOBFOOL</Key>
        <Key>SCATHIMP</Key>
        <Key>INTIM</Key>
      </Talents>
      <Directions>
        <Direction>
          <Down>true</Down>
          <Right>true</Right>
        </Direction>
        <Direction>
          <Left>true</Left>
          <Down>true</Down>
          <Up>true</Up>
        </Direction>
        <Direction>
          <Right>true</Right>
          <Down>true</Down>
          <Up>true</Up>
        </Direction>
        <Direction>
          <Down>true</Down>
          <Left>true</Left>
        </Direction>
      </Directions>
    </TalentRow>
    <TalentRow>
      <Index>4</Index>
      <Cost>25</Cost>
      <Talents>
        <Key>INTIM</Key>
        <Key>DEDI</Key>
        <Key>SCATHSUP</Key>
        <Key>INCITE</Key>
      </Talents>
      <Directions>
        <Direction>
          <Up>true</Up>
        </Direction>
        <Direction>
          <Up>true</Up>
        </Direction>
        <Direction>
          <Up>true</Up>
        </Direction>
        <Direction>
          <Up>true</Up>
        </Direction>
      </Directions>
    </TalentRow>
  </TalentRows>
</Specialization>