﻿<?xml version="1.0" encoding="utf-8"?>
<Specialization>
  <Key>COMMODORE</Key>
  <Name>Commodore</Name>
  <Description>
    [H4]Commodore - Capital Command[h4]
    Please see page 73 of the Age of Rebellion Core Rulebook for details.
  </Description>
  <Source Page="73">Age of Rebellion Core Rulebook</Source>
  <CareerSkills>
    <Key>ASTRO</Key>
    <Key>COMP</Key>
    <Key>EDU</Key>
    <Key>OUT</Key>
  </CareerSkills>
  <TalentRows>
    <TalentRow>
      <Index>0</Index>
      <Cost>5</Cost>
      <Talents>
        <Key>SOLREP</Key>
        <Key>COM</Key>
        <Key>RAPREA</Key>
        <Key>GALMAP</Key>
      </Talents>
      <Directions>
        <Direction>
          <Down>true</Down>
        </Direction>
        <Direction>
          <Down>true</Down>
        </Direction>
        <Direction>
          <Down>true</Down>
        </Direction>
        <Direction>
          <Down>true</Down>
        </Direction>
      </Directions>
    </TalentRow>
    <TalentRow>
      <Index>1</Index>
      <Cost>10</Cost>
      <Talents>
        <Key>KNOWSCH</Key>
        <Key>COMMPRES</Key>
        <Key>GRIT</Key>
        <Key>FAMSUNS</Key>
      </Talents>
      <Directions>
        <Direction>
          <Down>true</Down>
          <Up>true</Up>
        </Direction>
        <Direction>
          <Down>true</Down>
          <Up>true</Up>
        </Direction>
        <Direction>
          <Down>true</Down>
          <Up>true</Up>
        </Direction>
        <Direction>
          <Down>true</Down>
          <Up>true</Up>
        </Direction>
      </Directions>
    </TalentRow>
    <TalentRow>
      <Index>2</Index>
      <Cost>15</Cost>
      <Talents>
        <Key>SOLREP</Key>
        <Key>COM</Key>
        <Key>RAPREA</Key>
        <Key>GALMAP</Key>
      </Talents>
      <Directions>
        <Direction>
          <Down>true</Down>
          <Up>true</Up>
        </Direction>
        <Direction>
          <Up>true</Up>
          <Down>true</Down>
        </Direction>
        <Direction>
          <Up>true</Up>
          <Down>true</Down>
        </Direction>
        <Direction>
          <Down>true</Down>
          <Up>true</Up>
        </Direction>
      </Directions>
    </TalentRow>
    <TalentRow>
      <Index>3</Index>
      <Cost>20</Cost>
      <Talents>
        <Key>HOLDTOG</Key>
        <Key>COMMPRES</Key>
        <Key>GRIT</Key>
        <Key>MASSTAR</Key>
      </Talents>
      <Directions>
        <Direction>
          <Down>true</Down>
          <Up>true</Up>
        </Direction>
        <Direction>
          <Down>true</Down>
          <Up>true</Up>
        </Direction>
        <Direction>
          <Down>true</Down>
          <Up>true</Up>
        </Direction>
        <Direction>
          <Down>true</Down>
          <Up>true</Up>
        </Direction>
      </Directions>
    </TalentRow>
    <TalentRow>
      <Index>4</Index>
      <Cost>25</Cost>
      <Talents>
        <Key>SOLREP</Key>
        <Key>FIRECON</Key>
        <Key>DEDI</Key>
        <Key>GALMAP</Key>
      </Talents>
      <Directions>
        <Direction>
          <Up>true</Up>
          <Right>true</Right>
        </Direction>
        <Direction>
          <Up>true</Up>
          <Right>true</Right>
          <Left>true</Left>
        </Direction>
        <Direction>
          <Up>true</Up>
          <Right>true</Right>
          <Left>true</Left>
        </Direction>
        <Direction>
          <Up>true</Up>
          <Left>true</Left>
        </Direction>
      </Directions>
    </TalentRow>
  </TalentRows>
</Specialization>