﻿<?xml version="1.0" encoding="utf-8"?>
<Specialization>
  <Key>ENFORCER</Key>
  <Name>Enforcer</Name>
  <Description>
    [H4]Enforcer — Ruthless Thugs[h4]
    Please see page 26 of the Dangerous Covenants Sourcebook for details.
  </Description>
  <Source Page="26">Dangerous Covenants</Source>
  <CareerSkills>
    <Key>BRAWL</Key>
    <Key>COERC</Key>
    <Key>UND</Key>
    <Key>SW</Key>
  </CareerSkills>
  <TalentRows>
    <TalentRow>
      <Index>0</Index>
      <Cost>5</Cost>
      <Talents>
        <Key>TOUGH</Key>
        <Key>INTIM</Key>
        <Key>FEARSOME</Key>
        <Key>STRSMART</Key>
      </Talents>
      <Directions>
        <Direction>
          <Down>true</Down>
        </Direction>
        <Direction>
          <Down>true</Down>
        </Direction>
        <Direction>
        </Direction>
        <Direction>
          <Down>true</Down>
        </Direction>
      </Directions>
    </TalentRow>
    <TalentRow>
      <Index>1</Index>
      <Cost>10</Cost>
      <Talents>
        <Key>DURA</Key>
        <Key>STUNBL</Key>
        <Key>NATENF</Key>
        <Key>TALKTALK</Key>
      </Talents>
      <Directions>
        <Direction>
          <Up>true</Up>
        </Direction>
        <Direction>
          <Right>true</Right>
          <Up>true</Up>
          <Down>true</Down>
        </Direction>
        <Direction>
          <Right>true</Right>
          <Left>true</Left>
        </Direction>
        <Direction>
          <Left>true</Left>
          <Up>true</Up>
          <Down>true</Down>
        </Direction>
      </Directions>
    </TalentRow>
    <TalentRow>
      <Index>2</Index>
      <Cost>15</Cost>
      <Talents>
        <Key>INTIM</Key>
        <Key>DEFSTA</Key>
        <Key>TOUGH</Key>
        <Key>LOOM</Key>
      </Talents>
      <Directions>
        <Direction>
          <Right>true</Right>
        </Direction>
        <Direction>
          <Right>true</Right>
          <Left>true</Left>
          <Up>true</Up>
          <Down>true</Down>
        </Direction>
        <Direction>
          <Left>true</Left>
        </Direction>
        <Direction>
          <Up>true</Up>
          <Down>true</Down>
        </Direction>
      </Directions>
    </TalentRow>
    <TalentRow>
      <Index>3</Index>
      <Cost>20</Cost>
      <Talents>
        <Key>SECWIND</Key>
        <Key>STRSMART</Key>
        <Key>WALKWALK</Key>
        <Key>INTIM</Key>
      </Talents>
      <Directions>
        <Direction>
          <Down>true</Down>
          <Right>true</Right>
        </Direction>
        <Direction>
          <Right>true</Right>
          <Left>true</Left>
          <Up>true</Up>
        </Direction>
        <Direction>
          <Left>true</Left>
        </Direction>
        <Direction>
          <Down>true</Down>
          <Up>true</Up>
        </Direction>
      </Directions>
    </TalentRow>
    <TalentRow>
      <Index>4</Index>
      <Cost>25</Cost>
      <Talents>
        <Key>FEARSOME</Key>
        <Key>DEDI</Key>
        <Key>BLA</Key>
        <Key>FEARSOME</Key>
      </Talents>
      <Directions>
        <Direction>
          <Right>true</Right>
          <Up>true</Up>
        </Direction>
        <Direction>
          <Right>true</Right>
          <Left>true</Left>
        </Direction>
        <Direction>
          <Right>true</Right>
          <Left>true</Left>
        </Direction>
        <Direction>
          <Left>true</Left>
          <Up>true</Up>
        </Direction>
      </Directions>
    </TalentRow>
  </TalentRows>
</Specialization>