﻿<?xml version="1.0" encoding="utf-8"?>
<Specialization>
  <Key>INFILTRATOR</Key>
  <Name>Infiltrator</Name>
  <Description>
    [H4]Infiltrator - Finding the Secrets[h4]
    Please see page 97 of the Age of Rebellion Core Rulebook for details.
  </Description>
  <Source Page="97">Age of Rebellion Core Rulebook</Source>
  <CareerSkills>
    <Key>DECEP</Key>
    <Key>MELEE</Key>
    <Key>SKUL</Key>
    <Key>SW</Key>
  </CareerSkills>
  <TalentRows>
    <TalentRow>
      <Index>0</Index>
      <Cost>5</Cost>
      <Talents>
        <Key>GRIT</Key>
        <Key>DODGE</Key>
        <Key>FRENZ</Key>
        <Key>DEFSTA</Key>
      </Talents>
      <Directions>
        <Direction>
        </Direction>
        <Direction>
        </Direction>
        <Direction>
          <Down>true</Down>
        </Direction>
        <Direction>
          <Down>true</Down>
        </Direction>
      </Directions>
    </TalentRow>
    <TalentRow>
      <Index>1</Index>
      <Cost>10</Cost>
      <Talents>
        <Key>STUNBL</Key>
        <Key>GRIT</Key>
        <Key>SOFTSP</Key>
        <Key>JUMP</Key>
      </Talents>
      <Directions>
        <Direction>
          <Right>true</Right>
          <Down>true</Down>
        </Direction>
        <Direction>
          <Left>true</Left>
          <Right>true</Right>
        </Direction>
        <Direction>
          <Up>true</Up>
          <Left>true</Left>
        </Direction>
        <Direction>
          <Down>true</Down>
          <Up>true</Up>
        </Direction>
      </Directions>
    </TalentRow>
    <TalentRow>
      <Index>2</Index>
      <Cost>15</Cost>
      <Talents>
        <Key>KNOCK</Key>
        <Key>FRENZ</Key>
        <Key>GRIT</Key>
        <Key>DODGE</Key>
      </Talents>
      <Directions>
        <Direction>
          <Right>true</Right>
          <Up>true</Up>
        </Direction>
        <Direction>
          <Right>true</Right>
          <Left>true</Left>
        </Direction>
        <Direction>
          <Left>true</Left>
          <Down>true</Down>
        </Direction>
        <Direction>
          <Down>true</Down>
          <Up>true</Up>
        </Direction>
      </Directions>
    </TalentRow>
    <TalentRow>
      <Index>3</Index>
      <Cost>20</Cost>
      <Talents>
        <Key>NATBRAW</Key>
        <Key>TOUGH</Key>
        <Key>STUNBLIMP</Key>
        <Key>DEFSTA</Key>
      </Talents>
      <Directions>
        <Direction>
          <Right>true</Right>
          <Down>true</Down>
        </Direction>
        <Direction>
          <Left>true</Left>
          <Right>true</Right>
        </Direction>
        <Direction>
          <Left>true</Left>
          <Up>true</Up>
        </Direction>
        <Direction>
          <Down>true</Down>
          <Up>true</Up>
        </Direction>
      </Directions>
    </TalentRow>
    <TalentRow>
      <Index>4</Index>
      <Cost>25</Cost>
      <Talents>
        <Key>DEDI</Key>
        <Key>CLEVERSOLN</Key>
        <Key>MASSHAD</Key>
        <Key>NATROG</Key>
      </Talents>
      <Directions>
        <Direction>
          <Right>true</Right>
          <Up>true</Up>
        </Direction>
        <Direction>
          <Left>true</Left>
          <Right>true</Right>
        </Direction>
        <Direction>
          <Left>true</Left>
          <Right>true</Right>
        </Direction>
        <Direction>
          <Up>true</Up>
          <Left>true</Left>
        </Direction>
      </Directions>
    </TalentRow>
  </TalentRows>
</Specialization>