<?xml version="1.0"?>
<Specialization xmlns:xsi="http://www.w3.org/2001/XMLSchema-instance" xmlns:xsd="http://www.w3.org/2001/XMLSchema">
  <Key>JUYO</Key>
  <Name>Juyo Berserker</Name>
  <Description>[H4]Juyo Berserker[h4]
Please see page 26 of the Knights of Fate Sourcebook for details.</Description>
  <Source Page="26">Knights of Fate</Source>
  <CareerSkills>
    <Key>COERC</Key>
    <Key>DISC</Key>
    <Key>LTSABER</Key>
    <Key>MELEE</Key>
  </CareerSkills>
  <TalentRows>
    <TalentRow>
      <Cost>5</Cost>
      <Talents>
        <Key>TOUGH</Key>
        <Key>PARRY</Key>
        <Key>GRIT</Key>
        <Key>INTIM</Key>
      </Talents>
      <Directions>
        <Direction />
        <Direction />
        <Direction />
        <Direction>
          <Down>true</Down>
        </Direction>
      </Directions>
    </TalentRow>
    <TalentRow>
      <Cost>10</Cost>
      <Talents>
        <Key>INNERPEACE</Key>
        <Key>PARRY</Key>
        <Key>VAAPADCONT</Key>
        <Key>LETHALBL</Key>
      </Talents>
      <Directions>
        <Direction>
          <Right>true</Right>
          <Down>true</Down>
        </Direction>
        <Direction>
          <Left>true</Left>
          <Right>true</Right>
        </Direction>
        <Direction>
          <Left>true</Left>
        </Direction>
        <Direction>
          <Up>true</Up>
          <Down>true</Down>
        </Direction>
      </Directions>
    </TalentRow>
    <TalentRow>
      <Cost>15</Cost>
      <Talents>
        <Key>BAL</Key>
        <Key>LETHALBL</Key>
        <Key>QUICKST</Key>
        <Key>DYNFIRE</Key>
      </Talents>
      <Directions>
        <Direction>
          <Up>true</Up>
          <Down>true</Down>
        </Direction>
        <Direction>
          <Right>true</Right>
          <Down>true</Down>
        </Direction>
        <Direction>
          <Left>true</Left>
          <Down>true</Down>
        </Direction>
        <Direction>
          <Up>true</Up>
          <Down>true</Down>
        </Direction>
      </Directions>
    </TalentRow>
    <TalentRow>
      <Cost>20</Cost>
      <Talents>
        <Key>INNERPEACE</Key>
        <Key>INTIM</Key>
        <Key>JUYOSAV</Key>
        <Key>QUICKST</Key>
      </Talents>
      <Directions>
        <Direction>
          <Up>true</Up>
          <Down>true</Down>
        </Direction>
        <Direction>
          <Up>true</Up>
          <Down>true</Down>
        </Direction>
        <Direction>
          <Up>true</Up>
        </Direction>
        <Direction>
          <Up>true</Up>
          <Down>true</Down>
        </Direction>
      </Directions>
    </TalentRow>
    <TalentRow>
      <Cost>25</Cost>
      <Talents>
        <Key>PARRY</Key>
        <Key>EMBHATE</Key>
        <Key>DEDI</Key>
        <Key>MULTOPP</Key>
      </Talents>
      <Directions>
        <Direction>
          <Right>true</Right>
          <Up>true</Up>
        </Direction>
        <Direction>
          <Left>true</Left>
          <Right>true</Right>
          <Up>true</Up>
        </Direction>
        <Direction>
          <Left>true</Left>
          <Right>true</Right>
        </Direction>
        <Direction>
          <Left>true</Left>
          <Up>true</Up>
        </Direction>
      </Directions>
    </TalentRow>
  </TalentRows>
</Specialization>