﻿<?xml version="1.0" encoding="utf-8"?>
<Specialization>
  <Key>MERCENARY</Key>
  <Name>Mercenary Soldier</Name>
  <Description>
    [H4]Mercenary Soldier— Master of War[h4]
    Please see page 79 of the Edge of the Empire Core Rulebook for details.
  </Description>
  <Source Page="79">Edge of the Empire Core Rulebook</Source>
  <CareerSkills>
    <Key>DISC</Key>
    <Key>GUNN</Key>
    <Key>LEAD</Key>
    <Key>RANGHVY</Key>
  </CareerSkills>
  <TalentRows>
    <TalentRow>
      <Index>0</Index>
      <Cost>5</Cost>
      <Talents>
        <Key>COM</Key>
        <Key>SECWIND</Key>
        <Key>POINTBL</Key>
        <Key>SIDESTEP</Key>
      </Talents>
      <Directions>
        <Direction>
          <Down>true</Down>
        </Direction>
        <Direction>
          <Down>true</Down>
        </Direction>
        <Direction>
          <Down>true</Down>
        </Direction>
        <Direction>
          <Down>true</Down>
        </Direction>
      </Directions>
    </TalentRow>
    <TalentRow>
      <Index>1</Index>
      <Cost>10</Cost>
      <Talents>
        <Key>SECWIND</Key>
        <Key>CONF</Key>
        <Key>STRONG</Key>
        <Key>POINTBL</Key>
      </Talents>
      <Directions>
        <Direction>
          <Down>true</Down>
          <Up>true</Up>
          <Right>true</Right>
        </Direction>
        <Direction>
          <Down>true</Down>
          <Up>true</Up>
          <Left>true</Left>
        </Direction>
        <Direction>
          <Down>true</Down>
          <Up>true</Up>
          <Right>true</Right>
        </Direction>
        <Direction>
          <Up>true</Up>
          <Left>true</Left>
        </Direction>
      </Directions>
    </TalentRow>
    <TalentRow>
      <Index>2</Index>
      <Cost>15</Cost>
      <Talents>
        <Key>FLDCOMM</Key>
        <Key>COM</Key>
        <Key>NATMAR</Key>
        <Key>SNIPSHOT</Key>
      </Talents>
      <Directions>
        <Direction>
          <Up>true</Up>
          <Down>true</Down>
          <Right>true</Right>
        </Direction>
        <Direction>
          <Up>true</Up>
          <Down>true</Down>
          <Right>true</Right>
          <Left>true</Left>
        </Direction>
        <Direction>
          <Up>true</Up>
          <Down>true</Down>
          <Right>true</Right>
          <Left>true</Left>
        </Direction>
        <Direction>
          <Left>true</Left>
          <Down>true</Down>
        </Direction>
      </Directions>
    </TalentRow>
    <TalentRow>
      <Index>3</Index>
      <Cost>20</Cost>
      <Talents>
        <Key>FLDCOMMIMP</Key>
        <Key>GRIT</Key>
        <Key>TOUGH</Key>
        <Key>LETHALBL</Key>
      </Talents>
      <Directions>
        <Direction>
          <Up>true</Up>
        </Direction>
        <Direction>
          <Down>true</Down>
          <Up>true</Up>
        </Direction>
        <Direction>
          <Right>true</Right>
          <Up>true</Up>
        </Direction>
        <Direction>
          <Up>true</Up>
          <Down>true</Down>
          <Left>true</Left>
        </Direction>
      </Directions>
    </TalentRow>
    <TalentRow>
      <Index>4</Index>
      <Cost>25</Cost>
      <Talents>
        <Key>DEADACC</Key>
        <Key>TRUEAIM</Key>
        <Key>DEDI</Key>
        <Key>TRUEAIM</Key>
      </Talents>
      <Directions>
        <Direction>
          <Right>true</Right>
        </Direction>
        <Direction>
          <Right>true</Right>
          <Left>true</Left>
          <Up>true</Up>
        </Direction>
        <Direction>
          <Right>true</Right>
          <Left>true</Left>
        </Direction>
        <Direction>
          <Up>true</Up>
          <Left>true</Left>
        </Direction>
      </Directions>
    </TalentRow>
  </TalentRows>
</Specialization>