<?xml version="1.0"?>
<ForcePower xmlns:xsi="http://www.w3.org/2001/XMLSchema-instance" xmlns:xsd="http://www.w3.org/2001/XMLSchema">
  <Key>SUPPRESS</Key>
  <Name>Suppress</Name>
  <Description>
  [H4]Force Power: Suppress[h4]
  Please see page 38 of the Keeping the Peace sourcebook for details.
</Description>
  <Source Page="38">Keeping the Peace</Source>
  <AbilityRows>
    <AbilityRow>
      <Index>0</Index>
      <Abilities>
        <Key>SUPPRESSBASIC</Key>
        <Key>SUPPRESSBASIC</Key>
        <Key>SUPPRESSBASIC</Key>
        <Key>SUPPRESSBASIC</Key>
      </Abilities>
      <Directions>
        <Direction>
          <Left>false</Left>
          <Right>false</Right>
          <Up>false</Up>
          <Down>false</Down>
        </Direction>
        <Direction>
          <Left>false</Left>
          <Right>false</Right>
          <Up>false</Up>
          <Down>false</Down>
        </Direction>
        <Direction>
          <Left>false</Left>
          <Right>false</Right>
          <Up>false</Up>
          <Down>true</Down>
        </Direction>
        <Direction>
          <Left>false</Left>
          <Right>false</Right>
          <Up>false</Up>
          <Down>false</Down>
        </Direction>
      </Directions>
      <AbilitySpan>
        <Span>4</Span>
        <Span>0</Span>
        <Span>0</Span>
        <Span>0</Span>
      </AbilitySpan>
      <Costs>
        <Cost>10</Cost>
        <Cost>0</Cost>
        <Cost>0</Cost>
        <Cost>0</Cost>
      </Costs>
    </AbilityRow>
    <AbilityRow>
      <Index>0</Index>
      <Abilities>
        <Key>SUPPRESSSTRENGTH</Key>
        <Key>SUPPRESSSTRENGTH</Key>
        <Key>SUPPRESSDURATION</Key>
        <Key>SUPPRESSRANGE</Key>
      </Abilities>
      <Directions>
        <Direction>
          <Left>false</Left>
          <Right>true</Right>
          <Up>false</Up>
          <Down>true</Down>
        </Direction>
        <Direction>
          <Left>true</Left>
          <Right>true</Right>
          <Up>false</Up>
          <Down>false</Down>
        </Direction>
        <Direction>
          <Left>true</Left>
          <Right>true</Right>
          <Up>true</Up>
          <Down>true</Down>
        </Direction>
        <Direction>
          <Left>true</Left>
          <Right>false</Right>
          <Up>false</Up>
          <Down>false</Down>
        </Direction>
      </Directions>
      <AbilitySpan>
        <Span>2</Span>
        <Span>0</Span>
        <Span>1</Span>
        <Span>1</Span>
      </AbilitySpan>
      <Costs>
        <Cost>5</Cost>
        <Cost>0</Cost>
        <Cost>5</Cost>
        <Cost>5</Cost>
      </Costs>
    </AbilityRow>
    <AbilityRow>
      <Index>0</Index>
      <Abilities>
        <Key>SUPPRESSCONTROL1</Key>
        <Key>SUPPRESSCONTROL1</Key>
        <Key>SUPPRESSCONTROL1</Key>
        <Key>SUPPRESSRANGE</Key>
      </Abilities>
      <Directions>
        <Direction>
          <Left>false</Left>
          <Right>true</Right>
          <Up>true</Up>
          <Down>true</Down>
        </Direction>
        <Direction>
          <Left>true</Left>
          <Right>true</Right>
          <Up>false</Up>
          <Down>false</Down>
        </Direction>
        <Direction>
          <Left>true</Left>
          <Right>true</Right>
          <Up>true</Up>
          <Down>true</Down>
        </Direction>
        <Direction>
          <Left>true</Left>
          <Right>false</Right>
          <Up>false</Up>
          <Down>false</Down>
        </Direction>
      </Directions>
      <AbilitySpan>
        <Span>3</Span>
        <Span>0</Span>
        <Span>0</Span>
        <Span>1</Span>
      </AbilitySpan>
      <Costs>
        <Cost>10</Cost>
        <Cost>0</Cost>
        <Cost>0</Cost>
        <Cost>5</Cost>
      </Costs>
    </AbilityRow>
    <AbilityRow>
      <Index>0</Index>
      <Abilities>
        <Key>SUPPRESSSTRENGTH</Key>
        <Key>SUPPRESSSTRENGTH</Key>
        <Key>SUPPRESSCONTROL2</Key>
        <Key>SUPPRESSRANGE</Key>
      </Abilities>
      <Directions>
        <Direction>
          <Left>false</Left>
          <Right>false</Right>
          <Up>true</Up>
          <Down>true</Down>
        </Direction>
        <Direction>
          <Left>false</Left>
          <Right>false</Right>
          <Up>false</Up>
          <Down>false</Down>
        </Direction>
        <Direction>
          <Left>false</Left>
          <Right>true</Right>
          <Up>true</Up>
          <Down>true</Down>
        </Direction>
        <Direction>
          <Left>true</Left>
          <Right>false</Right>
          <Up>false</Up>
          <Down>false</Down>
        </Direction>
      </Directions>
      <AbilitySpan>
        <Span>2</Span>
        <Span>0</Span>
        <Span>1</Span>
        <Span>1</Span>
      </AbilitySpan>
      <Costs>
        <Cost>10</Cost>
        <Cost>0</Cost>
        <Cost>10</Cost>
        <Cost>5</Cost>
      </Costs>
    </AbilityRow>
    <AbilityRow>
      <Index>0</Index>
      <Abilities>
        <Key>SUPPRESSMASTERY</Key>
        <Key>SUPPRESSMASTERY</Key>
        <Key>SUPPRESSCONTROL3</Key>
        <Key>SUPPRESSCONTROL3</Key>
      </Abilities>
      <Directions>
        <Direction>
          <Left>false</Left>
          <Right>false</Right>
          <Up>true</Up>
          <Down>false</Down>
        </Direction>
        <Direction>
          <Left>false</Left>
          <Right>false</Right>
          <Up>false</Up>
          <Down>false</Down>
        </Direction>
        <Direction>
          <Left>false</Left>
          <Right>false</Right>
          <Up>true</Up>
          <Down>false</Down>
        </Direction>
        <Direction>
          <Left>false</Left>
          <Right>false</Right>
          <Up>false</Up>
          <Down>false</Down>
        </Direction>
      </Directions>
      <AbilitySpan>
        <Span>2</Span>
        <Span>0</Span>
        <Span>2</Span>
        <Span>0</Span>
      </AbilitySpan>
      <Costs>
        <Cost>20</Cost>
        <Cost>0</Cost>
        <Cost>15</Cost>
        <Cost>0</Cost>
      </Costs>
    </AbilityRow>
  </AbilityRows>
  <MinForceRating>1</MinForceRating>
</ForcePower>