<?xml version="1.0"?>
<ForcePower>
  <Key>WARFOR</Key>
  <Name>Warde's Foresight</Name>
  <Description>Please see page 10 of the Chronicles of the Gatekeeper adventure module for details.
</Description>
  <Source Page="10">Chronicles of the Gatekeeper</Source>
  <AbilityRows>
    <AbilityRow>
      <Index>0</Index>
      <Abilities>
        <Key>WARFORBASIC</Key>
        <Key>WARFORBASIC</Key>
        <Key>WARFORBASIC</Key>
        <Key />
      </Abilities>
      <Directions>
        <Direction>
          <Left>false</Left>
          <Right>false</Right>
          <Up>false</Up>
          <Down>true</Down>
        </Direction>
        <Direction>
          <Left>false</Left>
          <Right>false</Right>
          <Up>false</Up>
          <Down>true</Down>
        </Direction>
        <Direction>
          <Left>false</Left>
          <Right>false</Right>
          <Up>false</Up>
          <Down>false</Down>
        </Direction>
        <Direction>
          <Left>false</Left>
          <Right>false</Right>
          <Up>false</Up>
          <Down>false</Down>
        </Direction>
      </Directions>
      <AbilitySpan>
        <Span>3</Span>
        <Span>0</Span>
        <Span>0</Span>
        <Span>1</Span>
      </AbilitySpan>
      <Costs>
        <Cost>10</Cost>
        <Cost>0</Cost>
        <Cost>0</Cost>
        <Cost>5</Cost>
      </Costs>
    </AbilityRow>
    <AbilityRow>
      <Index>0</Index>
      <Abilities>
        <Key>WARFORRANGE</Key>
        <Key>WARFORCONTROL1</Key>
        <Key>WARFORCONTROL1</Key>
        <Key>WARFORCONTROL1</Key>
      </Abilities>
      <Directions>
        <Direction>
          <Left>false</Left>
          <Right>false</Right>
          <Up>true</Up>
          <Down>true</Down>
        </Direction>
        <Direction>
          <Left>false</Left>
          <Right>false</Right>
          <Up>true</Up>
          <Down>false</Down>
        </Direction>
        <Direction>
          <Left>false</Left>
          <Right>false</Right>
          <Up>false</Up>
          <Down>true</Down>
        </Direction>
        <Direction>
          <Left>false</Left>
          <Right>false</Right>
          <Up>false</Up>
          <Down>true</Down>
        </Direction>
      </Directions>
      <AbilitySpan>
        <Span>1</Span>
        <Span>3</Span>
        <Span>0</Span>
        <Span>0</Span>
      </AbilitySpan>
      <Costs>
        <Cost>5</Cost>
        <Cost>10</Cost>
        <Cost>0</Cost>
        <Cost>0</Cost>
      </Costs>
    </AbilityRow>
    <AbilityRow>
      <Index>0</Index>
      <Abilities>
        <Key>WARFORSTRENGTH</Key>
        <Key>WARFORCONTROL2</Key>
        <Key>WARFORDURATION</Key>
        <Key>WARFORDURATION</Key>
      </Abilities>
      <Directions>
        <Direction>
          <Left>false</Left>
          <Right>true</Right>
          <Up>true</Up>
          <Down>true</Down>
        </Direction>
        <Direction>
          <Left>true</Left>
          <Right>false</Right>
          <Up>false</Up>
          <Down>false</Down>
        </Direction>
        <Direction>
          <Left>false</Left>
          <Right>false</Right>
          <Up>true</Up>
          <Down>true</Down>
        </Direction>
        <Direction>
          <Left>false</Left>
          <Right>false</Right>
          <Up>true</Up>
          <Down>false</Down>
        </Direction>
      </Directions>
      <AbilitySpan>
        <Span>1</Span>
        <Span>1</Span>
        <Span>1</Span>
        <Span>1</Span>
      </AbilitySpan>
      <Costs>
        <Cost>10</Cost>
        <Cost>10</Cost>
        <Cost>10</Cost>
        <Cost>10</Cost>
      </Costs>
    </AbilityRow>
    <AbilityRow>
      <Index>0</Index>
      <Abilities>
        <Key>WARFORRANGE</Key>
        <Key>WARFORDURATION</Key>
        <Key>WARFORCONTROL3</Key>
        <Key>WARFORMAGNITUDE</Key>
      </Abilities>
      <Directions>
        <Direction>
          <Left>false</Left>
          <Right>true</Right>
          <Up>true</Up>
          <Down>true</Down>
        </Direction>
        <Direction>
          <Left>true</Left>
          <Right>false</Right>
          <Up>false</Up>
          <Down>false</Down>
        </Direction>
        <Direction>
          <Left>false</Left>
          <Right>true</Right>
          <Up>true</Up>
          <Down>false</Down>
        </Direction>
        <Direction>
          <Left>true</Left>
          <Right>false</Right>
          <Up>false</Up>
          <Down>true</Down>
        </Direction>
      </Directions>
      <AbilitySpan>
        <Span>1</Span>
        <Span>1</Span>
        <Span>1</Span>
        <Span>1</Span>
      </AbilitySpan>
      <Costs>
        <Cost>5</Cost>
        <Cost>10</Cost>
        <Cost>15</Cost>
        <Cost>10</Cost>
      </Costs>
    </AbilityRow>
    <AbilityRow>
      <Index>0</Index>
      <Abilities>
        <Key>WARFORSTRENGTH</Key>
        <Key>WARFORCONTROL4</Key>
        <Key>WARFORCONTROL4</Key>
        <Key>WARFORCONTROL4</Key>
      </Abilities>
      <Directions>
        <Direction>
          <Left>false</Left>
          <Right>false</Right>
          <Up>true</Up>
          <Down>false</Down>
        </Direction>
        <Direction>
          <Left>false</Left>
          <Right>false</Right>
          <Up>false</Up>
          <Down>false</Down>
        </Direction>
        <Direction>
          <Left>false</Left>
          <Right>false</Right>
          <Up>false</Up>
          <Down>false</Down>
        </Direction>
        <Direction>
          <Left>false</Left>
          <Right>false</Right>
          <Up>true</Up>
          <Down>false</Down>
        </Direction>
      </Directions>
      <AbilitySpan>
        <Span>1</Span>
        <Span>3</Span>
        <Span>0</Span>
        <Span>0</Span>
      </AbilitySpan>
      <Costs>
        <Cost>10</Cost>
        <Cost>15</Cost>
        <Cost>0</Cost>
        <Cost>0</Cost>
      </Costs>
    </AbilityRow>
  </AbilityRows>
  <MinForceRating>1</MinForceRating>
</ForcePower>