<?xml version="1.0"?>
<Vehicle xmlns:xsi="http://www.w3.org/2001/XMLSchema-instance" xmlns:xsd="http://www.w3.org/2001/XMLSchema">
  <Key>APCA19</Key>
  <Name>A-19 "Iron Crawler" Armored Transport</Name>
  <Description>
    [H3]A-19 "Iron Crawler" Armored Transport[h3]
    Please see page 106 of the Suns of Fortune Sourcebook for details.
</Description>
  <Source Page="106">Suns of Fortune</Source>
  <Type>Armored Personnel Carrier</Type>
  <Categories>
    <Category>Land Vehicle</Category>
    <Category>Tracked Vehicle</Category>
  </Categories>
  <Encumbrance>0</Encumbrance>
  <HP>4</HP>
  <Price>12500</Price>
  <Rarity>6</Rarity>
  <MaxAltitude />
  <HyperdrivePrimary>0</HyperdrivePrimary>
  <HyperdriveBackup>0</HyperdriveBackup>
  <StarFighters />
  <NaviComputer>false</NaviComputer>
  <SensorRangeValue>srShort</SensorRangeValue>
  <Crew>One pilot, one co-pilot/engineer, two gunners</Crew>
  <EncumbranceCapacity>0</EncumbranceCapacity>
  <Passengers>8</Passengers>
  <Consumables />
  <Silhouette>5</Silhouette>
  <Speed>1</Speed>
  <Handling>-3</Handling>
  <DefFore>0</DefFore>
  <DefAft>0</DefAft>
  <DefPort>0</DefPort>
  <DefStarboard>0</DefStarboard>
  <Armor>4</Armor>
  <HullTrauma>20</HullTrauma>
  <SystemStrain>15</SystemStrain>
  <Starship>false</Starship>
  <Massive>0</Massive>
  <VehicleWeapons>
    <VehicleWeapon>
      <FiringArcs>
        <Fore>true</Fore>
        <Aft>true</Aft>
        <Port>true</Port>
        <Starboard>true</Starboard>
        <Dorsal>false</Dorsal>
        <Ventral>false</Ventral>
      </FiringArcs>
      <Turret>true</Turret>
      <Location>Dorsal</Location>
      <Retractable>false</Retractable>
      <Qualities />
      <Key>BLASTCANHVY</Key>
      <Count>1</Count>
    </VehicleWeapon>
    <VehicleWeapon>
      <FiringArcs>
        <Fore>true</Fore>
        <Aft>true</Aft>
        <Port>true</Port>
        <Starboard>true</Starboard>
        <Dorsal>false</Dorsal>
        <Ventral>false</Ventral>
      </FiringArcs>
      <Turret>false</Turret>
      <Location>Top</Location>
      <Retractable>false</Retractable>
      <Qualities />
      <Key>CONGRENLAUNCH</Key>
      <Count>1</Count>
    </VehicleWeapon>
  </VehicleWeapons>
</Vehicle>