<?xml version="1.0"?>
<Vehicle xmlns:xsi="http://www.w3.org/2001/XMLSchema-instance" xmlns:xsd="http://www.w3.org/2001/XMLSchema">
  <Key>AAT1HOVERTANK</Key>
  <Name>AAT-1 Hover Tank</Name>
  <Description>[H3]AAT-1 Hover Tank[h3]
Please see page 66 of the Rise of the Separatists Sourcebook for details.</Description>
  <Source Page="66">Rise of the Separatists</Source>
  <Type>Repulsor Tank</Type>
  <Categories>
    <Category>Land Vehicle</Category>
  </Categories>
  <HP>4</HP>
  <Price>75000</Price>
  <Rarity>6</Rarity>
  <Restricted>true</Restricted>
  <Crew>One pilot, two gunners, one commander</Crew>
  <EncumbranceCapacity>10</EncumbranceCapacity>
  <Passengers>6</Passengers>
  <Silhouette>3</Silhouette>
  <Speed>2</Speed>
  <Handling>-1</Handling>
  <Armor>4</Armor>
  <HullTrauma>15</HullTrauma>
  <SystemStrain>8</SystemStrain>
  <VehicleWeapons>
    <VehicleWeapon>
      <FiringArcs>
        <Fore>true</Fore>
        <Aft>true</Aft>
        <Port>true</Port>
        <Starboard>true</Starboard>
      </FiringArcs>
      <Turret>true</Turret>
      <Key>LASERHVY</Key>
    </VehicleWeapon>
    <VehicleWeapon>
      <FiringArcs>
        <Fore>true</Fore>
      </FiringArcs>
      <Location>Port</Location>
      <Key>LASERMED</Key>
    </VehicleWeapon>
    <VehicleWeapon>
      <FiringArcs>
        <Fore>true</Fore>
      </FiringArcs>
      <Location>Starboard</Location>
      <Key>LASERMED</Key>
    </VehicleWeapon>
    <VehicleWeapon>
      <FiringArcs>
        <Fore>true</Fore>
      </FiringArcs>
      <Location>Port</Location>
      <Key>BLASTHVYREP</Key>
    </VehicleWeapon>
    <VehicleWeapon>
      <FiringArcs>
        <Fore>true</Fore>
      </FiringArcs>
      <Location>Starboard</Location>
      <Key>BLASTHVYREP</Key>
    </VehicleWeapon>
  </VehicleWeapons>
  <SensorRange>Close</SensorRange>
</Vehicle>