<Vehicle>
  <Key>ACTIONVI</Key>
  <Name>Action VI Bulk Transport</Name>
  <Description>
      [H3]Action VI Bulk Transport[h3]
      Please see page 260 of the Edge of the Empire Core Rulebook for details.
    </Description>
  <Source Page="260">Edge of the Empire Core Rulebook</Source>
  <HyperdrivePrimary>3</HyperdrivePrimary>
  <HyperdriveBackup>20</HyperdriveBackup>
  <NaviComputer>true</NaviComputer>
  <SensorRangeValue>srMedium</SensorRangeValue>
  <Crew>Twenty Crew</Crew>
  <EncumbranceCapacity>10000</EncumbranceCapacity>
  <Passengers>5</Passengers>
  <Consumables>Three Months</Consumables>
  <Silhouette>5</Silhouette>
  <Speed>2</Speed>
  <Handling>-3</Handling>
  <DefFore>2</DefFore>
  <DefAft>1</DefAft>
  <DefPort>1</DefPort>
  <DefStarboard>1</DefStarboard>
  <Armor>2</Armor>
  <HullTrauma>40</HullTrauma>
  <SystemStrain>20</SystemStrain>
  <HP>4</HP>
  <Price>200000</Price>
  <Rarity>5</Rarity>
  <Categories>
    <Category>Non-Fighter Starship</Category>
    <Category>Bulk Transport</Category>
  </Categories>
  <Type>Transport</Type>
  <Starship>true</Starship>
</Vehicle>