<?xml version="1.0"?>
<Vehicle xmlns:xsi="http://www.w3.org/2001/XMLSchema-instance" xmlns:xsd="http://www.w3.org/2001/XMLSchema">
  <Key>ALIDADESURV</Key>
  <Name>Alidade-Class Long-Range Survey Ship</Name>
  <Description>[H3][I]Alidade[i] -Class Long-Range Survey Ship[h3]
Please see page 58 of the Savage Spirits Sourcebook for details.
    </Description>
  <Source Page="58">Savage Spirits</Source>
  <Type>Survey Vessel</Type>
  <Categories>
    <Category>Non-Fighter Starship</Category>
    <Category>Starship</Category>
  </Categories>
  <HP>3</HP>
  <Price>150000</Price>
  <Rarity>6</Rarity>
  <HyperdrivePrimary>3</HyperdrivePrimary>
  <HyperdriveBackup>14</HyperdriveBackup>
  <NaviComputer>true</NaviComputer>
  <SensorRangeValue>srExtreme</SensorRangeValue>
  <Crew>One pilot, one co-pilot, two engineers, four sensor operators</Crew>
  <EncumbranceCapacity>250</EncumbranceCapacity>
  <Passengers>5</Passengers>
  <Consumables>Two years</Consumables>
  <Silhouette>5</Silhouette>
  <Speed>2</Speed>
  <Handling>-1</Handling>
  <DefFore>2</DefFore>
  <DefAft>1</DefAft>
  <DefPort>1</DefPort>
  <DefStarboard>1</DefStarboard>
  <Armor>3</Armor>
  <HullTrauma>35</HullTrauma>
  <SystemStrain>30</SystemStrain>
  <Starship>true</Starship>
  <VehicleWeapons>
    <VehicleWeapon>
      <FiringArcs>
        <Fore>true</Fore>
      </FiringArcs>
      <Location>Forward</Location>
      <Qualities>
        <Quality>
          <Key>LINKED</Key>
          <Count>1</Count>
        </Quality>
      </Qualities>
      <Key>LASERMED</Key>
    </VehicleWeapon>
    <VehicleWeapon>
      <FiringArcs>
        <Fore>true</Fore>
        <Aft>true</Aft>
        <Port>true</Port>
        <Starboard>true</Starboard>
        <Dorsal>true</Dorsal>
      </FiringArcs>
      <Turret>true</Turret>
      <Location>Dorsal</Location>
      <Qualities>
        <Quality>
          <Key>LINKED</Key>
          <Count>1</Count>
        </Quality>
      </Qualities>
      <Key>IONLT</Key>
    </VehicleWeapon>
  </VehicleWeapons>
  <SensorRange>Extreme</SensorRange>
</Vehicle>