<?xml version="1.0"?>
<Vehicle xmlns:xsi="http://www.w3.org/2001/XMLSchema-instance" xmlns:xsd="http://www.w3.org/2001/XMLSchema">
  <Key>ATTE</Key>
  <Name>AT-TE All Terrain Tactical Enforcer</Name>
  <Description>[H3]All Terrain Tactical Enforcer[h3]
Please see page 57 of the Forged in Battle Sourcebook, or page 69 of the Rise of the Separatists Sourcebook, for details.</Description>
  <Sources>
    <Source Page="57">Forged in Battle</Source>
    <Source Page="69">Rise of the Separatists</Source>
  </Sources>
  <Source Page="57">Forged in Battle</Source>
  <Type>Heavy Assault Walker</Type>
  <Categories>
    <Category>Land Vehicle</Category>
    <Category>Walker</Category>
  </Categories>
  <HP>2</HP>
  <Price>100000</Price>
  <Rarity>4</Rarity>
  <Restricted>true</Restricted>
  <BaseMods>
    <Mod>
      <Count>1</Count>
      <MiscDesc>[B][U]Dynamic Actuator Pistons[u][b]: Reduce any Critical Hits an AT-TE would suffer due to collisions by 30, to a minimum of 1.</MiscDesc>
    </Mod>
  </BaseMods>
  <SensorRangeValue>srShort</SensorRangeValue>
  <Crew>One pilot, one co-pilot/spotter, one vehicle commander, up to 5 gunners</Crew>
  <EncumbranceCapacity>40</EncumbranceCapacity>
  <Passengers>20</Passengers>
  <Silhouette>4</Silhouette>
  <Speed>1</Speed>
  <Handling>-2</Handling>
  <Armor>4</Armor>
  <HullTrauma>40</HullTrauma>
  <SystemStrain>35</SystemStrain>
  <VehicleWeapons>
    <VehicleWeapon>
      <FiringArcs>
        <Fore>true</Fore>
        <Aft>true</Aft>
        <Port>true</Port>
        <Starboard>true</Starboard>
      </FiringArcs>
      <Turret>true</Turret>
      <Key>MASSDRIVERCANNON</Key>
    </VehicleWeapon>
    <VehicleWeapon>
      <FiringArcs>
        <Fore>true</Fore>
      </FiringArcs>
      <Location>Forward</Location>
      <Qualities>
        <Quality>
          <Key>LINKED</Key>
          <Count>1</Count>
        </Quality>
      </Qualities>
      <Key>BLASTCANLT</Key>
      <Count>2</Count>
    </VehicleWeapon>
    <VehicleWeapon>
      <FiringArcs>
        <Aft>true</Aft>
      </FiringArcs>
      <Location>Aft</Location>
      <Key>BLASTCANLT</Key>
      <Count>2</Count>
    </VehicleWeapon>
  </VehicleWeapons>
</Vehicle>