<?xml version="1.0"?>
<Vehicle xmlns:xsi="http://www.w3.org/2001/XMLSchema-instance" xmlns:xsd="http://www.w3.org/2001/XMLSchema">
  <Key>ATETWALKER</Key>
  <Name>All-Terrain Exploration Transport</Name>
  <Description>[H3]All-Terrain Exploration Transport[h3]
Please see page 56 of the Savage Spirits Sourcebook for details.
    </Description>
  <Source Page="56">Savage Spirits</Source>
  <Type>Walker</Type>
  <Categories>
    <Category>Land Vehicle</Category>
    <Category>Walker</Category>
  </Categories>
  <HP>6</HP>
  <Price>5000</Price>
  <Rarity>4</Rarity>
  <SensorRangeValue>srMedium</SensorRangeValue>
  <Crew>One pilot, one navigation/comms operator</Crew>
  <EncumbranceCapacity>25</EncumbranceCapacity>
  <Passengers>4</Passengers>
  <Silhouette>3</Silhouette>
  <Speed>1</Speed>
  <Armor>1</Armor>
  <HullTrauma>15</HullTrauma>
  <SystemStrain>10</SystemStrain>
  <SinglePilot>true</SinglePilot>
  <SensorRange>Medium</SensorRange>
</Vehicle>