<?xml version="1.0"?>
<Vehicle xmlns:xsi="http://www.w3.org/2001/XMLSchema-instance" xmlns:xsd="http://www.w3.org/2001/XMLSchema">
  <Key>ARMDROPSUIT</Key>
  <Name>Armored Drop Suit</Name>
  <Description>[H3]Armored Drop Suit[h3]
Please see page 49 of the No Disintegrations Sourcebook for details.
[P][I]Note:  This is the vehicle version of the Armored Drop Suit armor.[i]</Description>
  <Source Page="49">No Disintegrations</Source>
  <Type>Drop Suit</Type>
  <Categories>
    <Category>Air Vehicle</Category>
  </Categories>
  <Price>7500</Price>
  <Rarity>7</Rarity>
  <BaseMods>
    <Mod>
      <Count>1</Count>
      <MiscDesc>While conscious and flight systems are engaged, wearer cannot suffer falling damage.</MiscDesc>
    </Mod>
  </BaseMods>
  <MaxAltitude>From orbit</MaxAltitude>
  <SensorRangeValue>srNone</SensorRangeValue>
  <Crew>Armor's wearer</Crew>
  <Silhouette>1</Silhouette>
  <Speed>2</Speed>
  <Handling>2</Handling>
  <SystemStrain>3</SystemStrain>
  <SinglePilot>true</SinglePilot>
  <SensorRange>No Sensors</SensorRange>
</Vehicle>