<?xml version="1.0"?>
<Vehicle xmlns:xsi="http://www.w3.org/2001/XMLSchema-instance" xmlns:xsd="http://www.w3.org/2001/XMLSchema">
  <Key>ARROW23LANDSPEEDER</Key>
  <Name>Arrow-23 Landspeeder</Name>
  <Description>[H3]Arrow-23 Landspeeder[h3]
Please see page 58 of the Forged in Battle Sourcebook for details.</Description>
  <Source Page="58">Forged in Battle</Source>
  <Type>Landspeeder</Type>
  <Categories>
    <Category>Land Vehicle</Category>
  </Categories>
  <HP>4</HP>
  <Price>10800</Price>
  <Rarity>3</Rarity>
  <MaxAltitude>5 meters</MaxAltitude>
  <SensorRangeValue>srShort</SensorRangeValue>
  <Crew>One pilot, one co-pilot/gunner</Crew>
  <EncumbranceCapacity>20</EncumbranceCapacity>
  <Passengers>4</Passengers>
  <Silhouette>3</Silhouette>
  <Speed>2</Speed>
  <Handling>-1</Handling>
  <Armor>1</Armor>
  <HullTrauma>6</HullTrauma>
  <SystemStrain>5</SystemStrain>
  <SinglePilot>true</SinglePilot>
</Vehicle>