<?xml version="1.0"?>
<Vehicle xmlns:xsi="http://www.w3.org/2001/XMLSchema-instance" xmlns:xsd="http://www.w3.org/2001/XMLSchema">
  <Key>ASF01BWING</Key>
  <Name>ASF-01 B-Wing Heavy Fast Attack Starfighter</Name>
  <Description>
    [H3]ASF-01 B-Wing Heavy Fast Attack Starfighter[h3]
    Please see page 268 of the Age of Rebellion Core Rulebook for details.
  </Description>
  <Source Page="268">Age of Rebellion Core Rulebook</Source>
  <Type>Starfighter</Type>
  <Categories>
    <Category>Starship</Category>
  </Categories>
  <Encumbrance>0</Encumbrance>
  <HP>1</HP>
  <Price>150000</Price>
  <Rarity>6</Rarity>
  <MaxAltitude />
  <HyperdrivePrimary>2</HyperdrivePrimary>
  <HyperdriveBackup>0</HyperdriveBackup>
  <StarFighters />
  <NaviComputer>true</NaviComputer>
  <SensorRangeValue>srClose</SensorRangeValue>
  <Crew>One Pilot</Crew>
  <EncumbranceCapacity>15</EncumbranceCapacity>
  <Passengers>0</Passengers>
  <Consumables>One week</Consumables>
  <Silhouette>3</Silhouette>
  <Speed>4</Speed>
  <Handling>-1</Handling>
  <DefFore>2</DefFore>
  <DefAft>1</DefAft>
  <DefPort>0</DefPort>
  <DefStarboard>0</DefStarboard>
  <Armor>3</Armor>
  <HullTrauma>15</HullTrauma>
  <SystemStrain>6</SystemStrain>
  <Starship>true</Starship>
  <SinglePilot>true</SinglePilot>
  <VehicleWeapons>
    <VehicleWeapon>
      <FiringArcs>
        <Fore>true</Fore>
        <Aft>false</Aft>
        <Port>false</Port>
        <Starboard>false</Starboard>
        <Dorsal>false</Dorsal>
        <Ventral>false</Ventral>
      </FiringArcs>
      <Turret>false</Turret>
      <Location>Hardpoint</Location>
      <Retractable>false</Retractable>
      <Qualities>
        <Quality>
          <Key>LINKED</Key>
          <Count>2</Count>
          <Index>0</Index>
          <MiscDesc />
          <DefZone />
        </Quality>
      </Qualities>
      <Key>IONLT</Key>
      <Count>1</Count>
    </VehicleWeapon>
    <VehicleWeapon>
      <FiringArcs>
        <Fore>true</Fore>
        <Aft>false</Aft>
        <Port>false</Port>
        <Starboard>false</Starboard>
        <Dorsal>false</Dorsal>
        <Ventral>false</Ventral>
      </FiringArcs>
      <Turret>false</Turret>
      <Location>Hardpoint</Location>
      <Retractable>false</Retractable>
      <Qualities />
      <Key>LASERHVY</Key>
      <Count>1</Count>
    </VehicleWeapon>
    <VehicleWeapon>
      <FiringArcs>
        <Fore>true</Fore>
        <Aft>false</Aft>
        <Port>false</Port>
        <Starboard>false</Starboard>
        <Dorsal>false</Dorsal>
        <Ventral>false</Ventral>
      </FiringArcs>
      <Turret>false</Turret>
      <Location>Forward</Location>
      <Retractable>false</Retractable>
      <Qualities>
        <Quality>
          <Key>LIMITEDAMMO</Key>
          <Count>8</Count>
          <Index>0</Index>
          <MiscDesc />
          <DefZone />
        </Quality>
        <Quality>
          <Key>LINKED</Key>
          <Count>1</Count>
          <Index>0</Index>
          <MiscDesc />
          <DefZone />
        </Quality>
      </Qualities>
      <Key>PTL</Key>
      <Count>1</Count>
    </VehicleWeapon>
    <VehicleWeapon>
      <FiringArcs>
        <Fore>true</Fore>
        <Aft>false</Aft>
        <Port>false</Port>
        <Starboard>false</Starboard>
        <Dorsal>false</Dorsal>
        <Ventral>false</Ventral>
      </FiringArcs>
      <Turret>false</Turret>
      <Location>Hardpoint</Location>
      <Retractable>false</Retractable>
      <Qualities />
      <Key>AUTOBLAST</Key>
      <Count>1</Count>
    </VehicleWeapon>
  </VehicleWeapons>
</Vehicle>