<?xml version="1.0"?>
<Vehicle xmlns:xsi="http://www.w3.org/2001/XMLSchema-instance" xmlns:xsd="http://www.w3.org/2001/XMLSchema">
  <Key>BARRGUN</Key>
  <Name>Barrage Gunship</Name>
  <Description>[H3]Barrage Gunship[h3]
Please see page 62 of the Keeping the Peace sourcebook for details.</Description>
  <Source Page="62">Keeping the Peace</Source>
  <Type>Gunship</Type>
  <Categories>
    <Category>Non-Fighter Starship</Category>
    <Category>Starship</Category>
  </Categories>
  <Encumbrance>0</Encumbrance>
  <HP>3</HP>
  <Price>145000</Price>
  <Rarity>8</Rarity>
  <Restricted>false</Restricted>
  <BaseMods>
    <Mod>
      <Key />
      <Count>1</Count>
      <Index>0</Index>
      <MiscDesc>[B]Interior Ordnance[b]: Unlike most ship-mounted weapons, a [I]Barrage[i]'s torpedo tubes can be manually reloaded from internal reserves.  As an action, anyone onboard may make an [B]Average ([DI][DI]) Athletices check[b] to reload one proton torpedo launcher.</MiscDesc>
      <DefZoneValue>None</DefZoneValue>
      <QualReplace>false</QualReplace>
      <SkillIsCareer>false</SkillIsCareer>
      <SkillIsRanked>false</SkillIsRanked>
      <VehicleWeaponUpgrades />
      <SelectedVehicleWeaponIndex>-1</SelectedVehicleWeaponIndex>
      <DieModifiers />
      <InnateSkills />
      <ActiveQualityKey />
      <Failed>false</Failed>
      <DefZone />
    </Mod>
  </BaseMods>
  <WeaponModifiers />
  <MaxAltitude />
  <HyperdrivePrimary>3</HyperdrivePrimary>
  <HyperdriveBackup>12</HyperdriveBackup>
  <StarFighters />
  <NaviComputer>true</NaviComputer>
  <SensorRangeValue>srLong</SensorRangeValue>
  <Crew>One pilot, one co-pilot, one mechanic, four gunners</Crew>
  <EncumbranceCapacity>90</EncumbranceCapacity>
  <Passengers>5</Passengers>
  <Consumables>One month</Consumables>
  <Silhouette>5</Silhouette>
  <Speed>3</Speed>
  <Handling>-1</Handling>
  <DefFore>1</DefFore>
  <DefAft>1</DefAft>
  <DefPort>1</DefPort>
  <DefStarboard>1</DefStarboard>
  <Armor>3</Armor>
  <HullTrauma>18</HullTrauma>
  <SystemStrain>25</SystemStrain>
  <Starship>true</Starship>
  <Massive>0</Massive>
  <SinglePilot>false</SinglePilot>
  <VehicleWeapons>
    <VehicleWeapon>
      <FiringArcs>
        <Fore>true</Fore>
        <Aft>false</Aft>
        <Port>false</Port>
        <Starboard>false</Starboard>
        <Dorsal>false</Dorsal>
        <Ventral>false</Ventral>
      </FiringArcs>
      <Turret>false</Turret>
      <Location>Forward</Location>
      <Retractable>false</Retractable>
      <Qualities />
      <Key>CML</Key>
      <Count>2</Count>
    </VehicleWeapon>
    <VehicleWeapon>
      <FiringArcs>
        <Fore>false</Fore>
        <Aft>false</Aft>
        <Port>false</Port>
        <Starboard>true</Starboard>
        <Dorsal>false</Dorsal>
        <Ventral>false</Ventral>
      </FiringArcs>
      <Turret>false</Turret>
      <Location>Starboard</Location>
      <Retractable>false</Retractable>
      <Qualities>
        <Quality>
          <Key>LINKED</Key>
          <Count>1</Count>
          <Index>0</Index>
          <MiscDesc />
          <DefZoneValue>None</DefZoneValue>
          <QualReplace>false</QualReplace>
          <SkillIsCareer>false</SkillIsCareer>
          <SkillIsRanked>false</SkillIsRanked>
          <VehicleWeaponUpgrades />
          <SelectedVehicleWeaponIndex>-1</SelectedVehicleWeaponIndex>
          <DieModifiers />
          <InnateSkills />
          <ActiveQualityKey />
          <Failed>false</Failed>
          <DefZone />
        </Quality>
      </Qualities>
      <Key>PTL</Key>
      <Count>2</Count>
    </VehicleWeapon>
    <VehicleWeapon>
      <FiringArcs>
        <Fore>false</Fore>
        <Aft>false</Aft>
        <Port>true</Port>
        <Starboard>false</Starboard>
        <Dorsal>false</Dorsal>
        <Ventral>false</Ventral>
      </FiringArcs>
      <Turret>false</Turret>
      <Location>Port</Location>
      <Retractable>false</Retractable>
      <Qualities>
        <Quality>
          <Key>LINKED</Key>
          <Count>1</Count>
          <Index>0</Index>
          <MiscDesc />
          <DefZoneValue>None</DefZoneValue>
          <QualReplace>false</QualReplace>
          <SkillIsCareer>false</SkillIsCareer>
          <SkillIsRanked>false</SkillIsRanked>
          <VehicleWeaponUpgrades />
          <SelectedVehicleWeaponIndex>-1</SelectedVehicleWeaponIndex>
          <DieModifiers />
          <InnateSkills />
          <ActiveQualityKey />
          <Failed>false</Failed>
          <DefZone />
        </Quality>
      </Qualities>
      <Key>PTL</Key>
      <Count>2</Count>
    </VehicleWeapon>
  </VehicleWeapons>
  <BuiltInAttachments />
  <SensorRange>Long</SensorRange>
</Vehicle>