<?xml version="1.0"?>
<Vehicle xmlns:xsi="http://www.w3.org/2001/XMLSchema-instance" xmlns:xsd="http://www.w3.org/2001/XMLSchema">
  <Key>BRAHATOK</Key>
  <Name>Braha'Tok-Class Gunship</Name>
  <Description>[H3][I]Braha'Tok[i] -Class Gunship[h3]
Please see page 61 of the Knights of Fate Sourcebook for details.</Description>
  <Source Page="61">Knights of Fate</Source>
  <Type>Corvette</Type>
  <Categories>
    <Category>Starship</Category>
    <Category>Non-Fighter Starship</Category>
    <Category>Capital Ship</Category>
  </Categories>
  <HP>3</HP>
  <Price>1400000</Price>
  <Rarity>6</Rarity>
  <Restricted>true</Restricted>
  <HyperdrivePrimary>3</HyperdrivePrimary>
  <HyperdriveBackup>15</HyperdriveBackup>
  <StarFighters>2 mounted to ventral hull</StarFighters>
  <NaviComputer>true</NaviComputer>
  <SensorRangeValue>srLong</SensorRangeValue>
  <Crew>70 officers and enlisted crew</Crew>
  <EncumbranceCapacity>300</EncumbranceCapacity>
  <Passengers>15</Passengers>
  <Consumables>Eight months</Consumables>
  <Silhouette>5</Silhouette>
  <Speed>3</Speed>
  <Handling>-1</Handling>
  <DefFore>2</DefFore>
  <DefAft>1</DefAft>
  <DefPort>1</DefPort>
  <DefStarboard>1</DefStarboard>
  <Armor>4</Armor>
  <HullTrauma>46</HullTrauma>
  <SystemStrain>25</SystemStrain>
  <Starship>true</Starship>
  <VehicleWeapons>
    <VehicleWeapon>
      <FiringArcs>
        <Fore>true</Fore>
      </FiringArcs>
      <Location>Forward</Location>
      <Key>PTL</Key>
      <Count>2</Count>
    </VehicleWeapon>
    <VehicleWeapon>
      <FiringArcs>
        <Fore>true</Fore>
      </FiringArcs>
      <Location>Forward</Location>
      <Key>CML</Key>
      <Count>4</Count>
    </VehicleWeapon>
    <VehicleWeapon>
      <FiringArcs>
        <Fore>true</Fore>
      </FiringArcs>
      <Location>Port</Location>
      <Qualities>
        <Quality>
          <Key>LINKED</Key>
          <Count>1</Count>
        </Quality>
      </Qualities>
      <Key>TURBOLT</Key>
    </VehicleWeapon>
    <VehicleWeapon>
      <FiringArcs>
        <Fore>true</Fore>
      </FiringArcs>
      <Location>Starboard</Location>
      <Qualities>
        <Quality>
          <Key>LINKED</Key>
          <Count>1</Count>
        </Quality>
      </Qualities>
      <Key>TURBOLT</Key>
    </VehicleWeapon>
    <VehicleWeapon>
      <FiringArcs>
        <Fore>true</Fore>
        <Aft>true</Aft>
        <Port>true</Port>
        <Starboard>true</Starboard>
        <Dorsal>true</Dorsal>
      </FiringArcs>
      <Turret>true</Turret>
      <Location>Dorsal</Location>
      <Key>LASERQUAD</Key>
      <Count>4</Count>
    </VehicleWeapon>
    <VehicleWeapon>
      <FiringArcs>
        <Fore>true</Fore>
        <Aft>true</Aft>
        <Port>true</Port>
        <Starboard>true</Starboard>
        <Ventral>true</Ventral>
      </FiringArcs>
      <Turret>true</Turret>
      <Location>Ventral</Location>
      <Key>LASERQUAD</Key>
      <Count>4</Count>
    </VehicleWeapon>
  </VehicleWeapons>
  <SensorRange>Long</SensorRange>
</Vehicle>