<Vehicle>
  <Key>BTLS3</Key>
  <Name>BTL-S3 Y-Wing Attack Starfighter</Name>
  <Description>
      [H3]BTL-S3 Y-Wing Attack Starfighter[h3]
      Please see page 257 of the Edge of the Empire Core Rulebook, or page 268 of the Age of Rebellion Core Rulebook, for details.
    </Description>
  <Sources>
    <Source Page="257">Edge of the Empire Core Rulebook</Source>
    <Source Page="268">Age of Rebellion Core Rulebook</Source>
  </Sources>
  <HyperdrivePrimary>1</HyperdrivePrimary>
  <HyperdriveBackup>0</HyperdriveBackup>
  <NaviComputer>false</NaviComputer>
  <SensorRangeValue>srClose</SensorRangeValue>
  <Crew>One Pilot, One Gunner</Crew>
  <EncumbranceCapacity>10</EncumbranceCapacity>
  <Passengers>0</Passengers>
  <Consumables>One Week</Consumables>
  <Silhouette>3</Silhouette>
  <Speed>4</Speed>
  <Handling>0</Handling>
  <DefFore>1</DefFore>
  <DefAft>1</DefAft>
  <DefPort>0</DefPort>
  <DefStarboard>0</DefStarboard>
  <Armor>3</Armor>
  <HullTrauma>12</HullTrauma>
  <SystemStrain>10</SystemStrain>
  <HP>1</HP>
  <Price>80000</Price>
  <Rarity>4</Rarity>
  <Categories>
    <Category>Starship</Category>
  </Categories>
  <Type>Starfighter</Type>
  <Starship>true</Starship>
  <SinglePilot>true</SinglePilot>
  <VehicleWeapons>
    <VehicleWeapon>
      <Key>IONLT</Key>
      <FiringArcs>
        <Fore>true</Fore>
        <Aft>true</Aft>
        <Port>true</Port>
        <Starboard>true</Starboard>
        <Dorsal>false</Dorsal>
        <Ventral>false</Ventral>
      </FiringArcs>
      <Turret>true</Turret>
      <Qualities>
        <Quality>
          <Key>LINKED</Key>
          <Count>1</Count>
        </Quality>
      </Qualities>
    </VehicleWeapon>
    <VehicleWeapon>
      <Key>LASERMED</Key>
      <Location>Forward</Location>
      <FiringArcs>
        <Fore>true</Fore>
        <Aft>false</Aft>
        <Port>false</Port>
        <Starboard>false</Starboard>
        <Dorsal>false</Dorsal>
        <Ventral>false</Ventral>
      </FiringArcs>
      <Qualities>
        <Quality>
          <Key>LINKED</Key>
          <Count>1</Count>
        </Quality>
      </Qualities>
    </VehicleWeapon>
    <VehicleWeapon>
      <Key>PTL</Key>
      <Location>Forward</Location>
      <FiringArcs>
        <Fore>true</Fore>
        <Aft>false</Aft>
        <Port>false</Port>
        <Starboard>false</Starboard>
        <Dorsal>false</Dorsal>
        <Ventral>false</Ventral>
      </FiringArcs>
      <Qualities>
        <Quality>
          <Key>LINKED</Key>
          <Count>1</Count>
        </Quality>
      </Qualities>
    </VehicleWeapon>
  </VehicleWeapons>
</Vehicle>