<?xml version="1.0"?>
<Vehicle xmlns:xsi="http://www.w3.org/2001/XMLSchema-instance" xmlns:xsd="http://www.w3.org/2001/XMLSchema">
  <Key>CROCGOZ</Key>
  <Name>C-ROC Gozanti-Class Light Cruiser</Name>
  <Description>[H3]C-ROC [I]Gozanti[i]-Class Light Cruiser[h3]
Please see page 62 of the No Disintegrations Sourcebook for details.</Description>
  <Source Page="62">No Disintegrations</Source>
  <Type>Light Cruiser</Type>
  <Categories>
    <Category>Starship</Category>
    <Category>Non-Fighter Starship</Category>
    <Category>Capital Ship</Category>
  </Categories>
  <HP>6</HP>
  <Price>190000</Price>
  <Rarity>8</Rarity>
  <HyperdrivePrimary>3</HyperdrivePrimary>
  <HyperdriveBackup>12</HyperdriveBackup>
  <NaviComputer>true</NaviComputer>
  <SensorRangeValue>srMedium</SensorRangeValue>
  <Crew>One pilot, one co-pilot, one engineer, one comms/sensor, two loadmasters, six gunners</Crew>
  <EncumbranceCapacity>1800</EncumbranceCapacity>
  <Passengers>20</Passengers>
  <Consumables>Three months</Consumables>
  <Silhouette>5</Silhouette>
  <Speed>3</Speed>
  <Handling>-3</Handling>
  <DefFore>3</DefFore>
  <DefAft>1</DefAft>
  <DefPort>2</DefPort>
  <DefStarboard>2</DefStarboard>
  <Armor>5</Armor>
  <HullTrauma>55</HullTrauma>
  <SystemStrain>40</SystemStrain>
  <Starship>true</Starship>
  <VehicleWeapons>
    <VehicleWeapon>
      <FiringArcs>
        <Fore>true</Fore>
        <Aft>true</Aft>
        <Port>true</Port>
        <Starboard>true</Starboard>
      </FiringArcs>
      <Location>Dorsal</Location>
      <Retractable>true</Retractable>
      <Key>LASERQUAD</Key>
    </VehicleWeapon>
    <VehicleWeapon>
      <FiringArcs>
        <Fore>true</Fore>
        <Aft>true</Aft>
        <Port>true</Port>
        <Starboard>true</Starboard>
      </FiringArcs>
      <Location>Ventral</Location>
      <Retractable>true</Retractable>
      <Key>LASERQUAD</Key>
    </VehicleWeapon>
    <VehicleWeapon>
      <FiringArcs>
        <Port>true</Port>
      </FiringArcs>
      <Location>Port</Location>
      <Retractable>true</Retractable>
      <Qualities>
        <Quality>
          <Key>LINKED</Key>
          <Count>1</Count>
        </Quality>
      </Qualities>
      <Key>LASERHVY</Key>
      <Count>2</Count>
    </VehicleWeapon>
    <VehicleWeapon>
      <FiringArcs>
        <Starboard>true</Starboard>
      </FiringArcs>
      <Location>Starboard</Location>
      <Retractable>true</Retractable>
      <Qualities>
        <Quality>
          <Key>LINKED</Key>
          <Count>1</Count>
        </Quality>
      </Qualities>
      <Key>LASERHVY</Key>
      <Count>2</Count>
    </VehicleWeapon>
  </VehicleWeapons>
  <SensorRange>Medium</SensorRange>
</Vehicle>