<?xml version="1.0"?>
<Vehicle xmlns:xsi="http://www.w3.org/2001/XMLSchema-instance" xmlns:xsd="http://www.w3.org/2001/XMLSchema">
  <Key>TAG102LIFTER</Key>
  <Name>Cargohopper 102 Cargo Lifter</Name>
  <Description>[H3]Taggeco. Cargohopper 102 Cargo Lifter[h3]
      Please see page 52 of the Fly Casual Sourcebook for details.</Description>
  <Source Page="52">Fly Casual</Source>
  <Type>Airspeeder</Type>
  <Categories>
    <Category>Air Vehicle</Category>
  </Categories>
  <Encumbrance>0</Encumbrance>
  <HP>0</HP>
  <Price>14500</Price>
  <Rarity>3</Rarity>
  <Restricted>false</Restricted>
  <BaseMods />
  <MaxAltitude>300 kilometers</MaxAltitude>
  <HyperdrivePrimary>0</HyperdrivePrimary>
  <HyperdriveBackup>0</HyperdriveBackup>
  <StarFighters />
  <NaviComputer>false</NaviComputer>
  <SensorRangeValue>srShort</SensorRangeValue>
  <Crew>One pilot</Crew>
  <EncumbranceCapacity>75</EncumbranceCapacity>
  <Passengers>0</Passengers>
  <Consumables />
  <Silhouette>2</Silhouette>
  <Speed>3</Speed>
  <Handling>-1</Handling>
  <DefFore>0</DefFore>
  <DefAft>0</DefAft>
  <DefPort>0</DefPort>
  <DefStarboard>0</DefStarboard>
  <Armor>0</Armor>
  <HullTrauma>5</HullTrauma>
  <SystemStrain>6</SystemStrain>
  <Starship>false</Starship>
  <Massive>0</Massive>
  <SinglePilot>true</SinglePilot>
  <VehicleWeapons>
    <VehicleWeapon>
      <FiringArcs>
        <Fore>true</Fore>
        <Aft>true</Aft>
        <Port>true</Port>
        <Starboard>true</Starboard>
        <Dorsal>false</Dorsal>
        <Ventral>false</Ventral>
      </FiringArcs>
      <Turret>false</Turret>
      <Location>Unspecified</Location>
      <Retractable>false</Retractable>
      <Qualities />
      <Key>TRACTLT</Key>
      <Count>1</Count>
    </VehicleWeapon>
  </VehicleWeapons>
</Vehicle>