<?xml version="1.0"?>
<Vehicle xmlns:xsi="http://www.w3.org/2001/XMLSchema-instance" xmlns:xsd="http://www.w3.org/2001/XMLSchema">
  <Key>CATSEYESENS</Key>
  <Name>Cat's Eye Multipurpose Sensor Suite</Name>
  <Description>[H3]CryonCorp Mk. I Cat's Eye Multipurpose Sensor Suite[h3]
Please see page 46 of the Lead by Example Sourcebook for details.
[P][I]Disclaimer: This is a piece of field equipment found in the Lead by Example Sourcebook.  It is created as a stationary "vehicle" because it is the most appropriate format.  While any mods or benefits are per the official source, the actual vehicle stats are an interpretation only and are not official.  Feel free to modify them if you think any changes are required.[i]</Description>
  <Source Page="46">Lead by Example</Source>
  <Type>Field Equipment</Type>
  <Categories />
  <Encumbrance>0</Encumbrance>
  <HP>0</HP>
  <Price>2750</Price>
  <Rarity>5</Rarity>
  <Restricted>true</Restricted>
  <BaseMods>
    <Mod>
      <Count>1</Count>
      <MiscDesc>Adds [BO][BO] to any Perception, Computers, or Vigilance checks to detect incoming orbital air trafic within long range (planetary).</MiscDesc>
    </Mod>
    <Mod>
      <Count>1</Count>
      <MiscDesc>Adds [SE][SE] to Stealth checks made by land units approaching the device within long range (planetary).</MiscDesc>
    </Mod>
  </BaseMods>
  <WeaponModifiers />
  <MaxAltitude />
  <HyperdrivePrimary>0</HyperdrivePrimary>
  <HyperdriveBackup>0</HyperdriveBackup>
  <StarFighters />
  <NaviComputer>false</NaviComputer>
  <SensorRangeValue>srLong</SensorRangeValue>
  <Crew />
  <EncumbranceCapacity>0</EncumbranceCapacity>
  <Passengers>0</Passengers>
  <Consumables />
  <Silhouette>1</Silhouette>
  <Speed>0</Speed>
  <Handling>0</Handling>
  <DefFore>0</DefFore>
  <DefAft>0</DefAft>
  <DefPort>0</DefPort>
  <DefStarboard>0</DefStarboard>
  <Armor>0</Armor>
  <HullTrauma>2</HullTrauma>
  <SystemStrain>3</SystemStrain>
  <Starship>false</Starship>
  <Massive>0</Massive>
  <SinglePilot>false</SinglePilot>
  <VehicleWeapons />
  <BuiltInAttachments />
</Vehicle>