<?xml version="1.0"?>
<Vehicle xmlns:xsi="http://www.w3.org/2001/XMLSchema-instance" xmlns:xsd="http://www.w3.org/2001/XMLSchema">
  <Key>CK6SWOOP</Key>
  <Name>CK-6 Swoop</Name>
  <Description>[H3]CK-6 Swoop[h3]
Please see page 67 of the Rise of the Separatists Sourcebook for details.</Description>
  <Source Page="67">Rise of the Separatists</Source>
  <Type>Swoop</Type>
  <Categories>
    <Category>Land Vehicle</Category>
  </Categories>
  <HP>1</HP>
  <Price>4500</Price>
  <Rarity>5</Rarity>
  <BaseMods>
    <Mod>
      <Count>1</Count>
      <MiscDesc>[B]Winterized[b]:  Reduce system strain caused by cold weather, ice, or snow by 1, to a minimum of 1.</MiscDesc>
    </Mod>
  </BaseMods>
  <Crew>One pilot</Crew>
  <EncumbranceCapacity>5</EncumbranceCapacity>
  <Passengers>1</Passengers>
  <Silhouette>2</Silhouette>
  <Speed>2</Speed>
  <HullTrauma>2</HullTrauma>
  <SystemStrain>3</SystemStrain>
  <SinglePilot>true</SinglePilot>
  <VehicleWeapons>
    <VehicleWeapon>
      <FiringArcs>
        <Fore>true</Fore>
      </FiringArcs>
      <Location>Forward</Location>
      <Qualities>
        <Quality>
          <Key>LINKED</Key>
          <Count>1</Count>
        </Quality>
      </Qualities>
      <Key>LASERLT</Key>
    </VehicleWeapon>
  </VehicleWeapons>
  <SensorRange>Close</SensorRange>
</Vehicle>