<?xml version="1.0"?>
<Vehicle xmlns:xsi="http://www.w3.org/2001/XMLSchema-instance" xmlns:xsd="http://www.w3.org/2001/XMLSchema">
  <Key>CONSSALONPOD</Key>
  <Name>Consular-Class Cruiser's Salon Pod</Name>
  <Description>[H3][I]Consular[i]-Class Cruiser's Salon Pod[h3]
Please see page 63 of the Disciples of Harmony Sourcebook for details.
</Description>
  <Source Page="63">Disciples of Harmony</Source>
  <Type>Salon Pod</Type>
  <Categories>
    <Category>Starship</Category>
  </Categories>
  <Rarity>5</Rarity>
  <SensorRangeValue>srMedium</SensorRangeValue>
  <Crew>One pilot</Crew>
  <EncumbranceCapacity>5</EncumbranceCapacity>
  <Passengers>10</Passengers>
  <Consumables>One week</Consumables>
  <Silhouette>3</Silhouette>
  <Speed>2</Speed>
  <Handling>-4</Handling>
  <Armor>1</Armor>
  <HullTrauma>10</HullTrauma>
  <SystemStrain>4</SystemStrain>
  <Starship>true</Starship>
  <SinglePilot>true</SinglePilot>
  <SensorRange>Medium</SensorRange>
</Vehicle>