<Vehicle>
  <Key>CR90</Key>
  <Name>CR90 Corvette</Name>
  <Description>
    [H3]CR90 Corvette[h3]
    Please see page 266 of the Edge of the Empire Core Rulebook, page 274 of the  Age of Rebellion Core Rulebook, or page 266 of the Force and Destiny Core Rulebook, for details.
  </Description>
  <Sources>
    <Source Page="266">Edge of the Empire Core Rulebook</Source>
    <Source Page="274">Age of Rebellion Core Rulebook</Source>
    <Source Page="266">Force and Destiny Core Rulebook</Source>
  </Sources>
  <HyperdrivePrimary>2</HyperdrivePrimary>
  <HyperdriveBackup>0</HyperdriveBackup>
  <NaviComputer>true</NaviComputer>
  <SensorRangeValue>srLong</SensorRangeValue>
  <Crew>30-165 Crew</Crew>
  <EncumbranceCapacity>2500</EncumbranceCapacity>
  <Passengers>600</Passengers>
  <Consumables>One Year</Consumables>
  <Silhouette>5</Silhouette>
  <Speed>3</Speed>
  <Handling>-1</Handling>
  <DefFore>2</DefFore>
  <DefAft>2</DefAft>
  <DefPort>1</DefPort>
  <DefStarboard>1</DefStarboard>
  <Armor>5</Armor>
  <HullTrauma>50</HullTrauma>
  <SystemStrain>25</SystemStrain>
  <HP>4</HP>
  <Price>1200000</Price>
  <Rarity>5</Rarity>
  <Categories>
    <Category>Capital Ship</Category>
    <Category>Starship</Category>
    <Category>Non-Fighter Starship</Category>
  </Categories>
  <Type>Corvette</Type>
  <Starship>true</Starship>
  <VehicleWeapons>
    <VehicleWeapon>
      <Key>TURBOMED</Key>
      <Location>Dorsal</Location>
      <FiringArcs>
        <Fore>true</Fore>
        <Aft>true</Aft>
        <Port>true</Port>
        <Starboard>true</Starboard>
        <Dorsal>true</Dorsal>
        <Ventral>false</Ventral>
      </FiringArcs>
      <Turret>true</Turret>
      <Qualities>
        <Quality>
          <Key>LINKED</Key>
          <Count>1</Count>
        </Quality>
      </Qualities>
    </VehicleWeapon>
    <VehicleWeapon>
      <Key>TURBOMED</Key>
      <Location>Ventral</Location>
      <FiringArcs>
        <Fore>true</Fore>
        <Aft>true</Aft>
        <Port>true</Port>
        <Starboard>true</Starboard>
        <Dorsal>false</Dorsal>
        <Ventral>true</Ventral>
      </FiringArcs>
      <Turret>true</Turret>
      <Qualities>
        <Quality>
          <Key>LINKED</Key>
          <Count>1</Count>
        </Quality>
      </Qualities>
    </VehicleWeapon>
    <VehicleWeapon>
      <Key>TURBOLT</Key>
      <Count>2</Count>
      <Location>Port</Location>
      <FiringArcs>
        <Fore>false</Fore>
        <Aft>false</Aft>
        <Port>true</Port>
        <Starboard>false</Starboard>
        <Dorsal>false</Dorsal>
        <Ventral>false</Ventral>
      </FiringArcs>
      <Turret>true</Turret>
    </VehicleWeapon>
    <VehicleWeapon>
      <Key>TURBOLT</Key>
      <Count>2</Count>
      <Location>Starboard</Location>
      <FiringArcs>
        <Fore>false</Fore>
        <Aft>false</Aft>
        <Port>false</Port>
        <Starboard>true</Starboard>
        <Dorsal>false</Dorsal>
        <Ventral>false</Ventral>
      </FiringArcs>
      <Turret>true</Turret>
    </VehicleWeapon>
  </VehicleWeapons>
</Vehicle>