<?xml version="1.0"?>
<Vehicle xmlns:xsi="http://www.w3.org/2001/XMLSchema-instance" xmlns:xsd="http://www.w3.org/2001/XMLSchema">
  <Key>CSS1</Key>
  <Name>CSS-1 Corellian Star Shuttle</Name>
  <Description>
    [H3]CSS-1 Corellian Star Shuttle[h3]
    Please see page 110 of the Suns of Fortune Sourcebook for details.
  </Description>
  <Source Page="110">Suns of Fortune</Source>
  <Type>Shuttle</Type>
  <Categories>
    <Category>Starship</Category>
    <Category>Non-Fighter Starship</Category>
  </Categories>
  <Encumbrance>0</Encumbrance>
  <HP>4</HP>
  <Price>325000</Price>
  <Rarity>6</Rarity>
  <MaxAltitude />
  <HyperdrivePrimary>1.5</HyperdrivePrimary>
  <HyperdriveBackup>12</HyperdriveBackup>
  <StarFighters />
  <NaviComputer>true</NaviComputer>
  <SensorRangeValue>srMedium</SensorRangeValue>
  <Crew>One pilot, one co-pilot, one navigator, two comm officers, three engineers</Crew>
  <EncumbranceCapacity>1000</EncumbranceCapacity>
  <Passengers>200</Passengers>
  <Consumables>Three months to three years</Consumables>
  <Silhouette>5</Silhouette>
  <Speed>3</Speed>
  <Handling>-2</Handling>
  <DefFore>2</DefFore>
  <DefAft>1</DefAft>
  <DefPort>2</DefPort>
  <DefStarboard>2</DefStarboard>
  <Armor>4</Armor>
  <HullTrauma>30</HullTrauma>
  <SystemStrain>22</SystemStrain>
  <Starship>true</Starship>
  <Massive>0</Massive>
  <VehicleWeapons />
</Vehicle>