<?xml version="1.0"?>
<Vehicle xmlns:xsi="http://www.w3.org/2001/XMLSchema-instance" xmlns:xsd="http://www.w3.org/2001/XMLSchema">
  <Key>CR90CYBER</Key>
  <Name>Cybershop Ship (CR90)</Name>
  <Description>
[H3]Cybershop Ship (CR90)[h3]
Please see page 63 of the Special Modifications Sourcebook for details.</Description>
  <Source Page="63">Special Modifications</Source>
  <Type>Corvette</Type>
  <Categories>
    <Category>Capital Ship</Category>
    <Category>Starship</Category>
    <Category>Non-Fighter Starship</Category>
  </Categories>
  <HP>6</HP>
  <Price>1300000</Price>
  <Rarity>7</Rarity>
  <HyperdrivePrimary>2</HyperdrivePrimary>
  <HyperdriveBackup>15</HyperdriveBackup>
  <NaviComputer>true</NaviComputer>
  <SensorRangeValue>srLong</SensorRangeValue>
  <Crew>135 officers and crew, including medical staff</Crew>
  <EncumbranceCapacity>1000</EncumbranceCapacity>
  <Passengers>100</Passengers>
  <Consumables>One Year</Consumables>
  <Silhouette>5</Silhouette>
  <Speed>3</Speed>
  <Handling>-2</Handling>
  <DefFore>2</DefFore>
  <DefAft>2</DefAft>
  <DefPort>1</DefPort>
  <DefStarboard>1</DefStarboard>
  <Armor>5</Armor>
  <HullTrauma>50</HullTrauma>
  <SystemStrain>25</SystemStrain>
  <Starship>true</Starship>
  <VehicleWeapons>
    <VehicleWeapon>
      <FiringArcs>
        <Fore>true</Fore>
        <Aft>true</Aft>
        <Port>true</Port>
        <Starboard>true</Starboard>
        <Dorsal>true</Dorsal>
      </FiringArcs>
      <Turret>true</Turret>
      <Location>Dorsal</Location>
      <Qualities>
        <Quality>
          <Key>LINKED</Key>
          <Count>1</Count>
        </Quality>
      </Qualities>
      <Key>TURBOMED</Key>
    </VehicleWeapon>
    <VehicleWeapon>
      <FiringArcs>
        <Fore>true</Fore>
        <Aft>true</Aft>
        <Port>true</Port>
        <Starboard>true</Starboard>
        <Ventral>true</Ventral>
      </FiringArcs>
      <Turret>true</Turret>
      <Location>Ventral</Location>
      <Qualities>
        <Quality>
          <Key>LINKED</Key>
          <Count>1</Count>
        </Quality>
      </Qualities>
      <Key>TURBOMED</Key>
    </VehicleWeapon>
  </VehicleWeapons>
  <SensorRange>Long</SensorRange>
</Vehicle>