<?xml version="1.0"?>
<Vehicle xmlns:xsi="http://www.w3.org/2001/XMLSchema-instance" xmlns:xsd="http://www.w3.org/2001/XMLSchema">
  <Key>SPEEDERCECD22</Key>
  <Name>D-22 "Screamer" Speeder Bike</Name>
  <Description>
    [H3]CEC D-22 "Screamer" Speeder Bike[h3]
    Please see page 104 of the Suns of Fortune Sourcebook for details.
  </Description>
  <Source Page="104">Suns of Fortune</Source>
  <Type>Speeder Bike</Type>
  <Categories>
    <Category>Land Vehicle</Category>
  </Categories>
  <Encumbrance>0</Encumbrance>
  <HP>2</HP>
  <Price>4500</Price>
  <Rarity>3</Rarity>
  <MaxAltitude>35 meters</MaxAltitude>
  <HyperdrivePrimary>0</HyperdrivePrimary>
  <HyperdriveBackup>0</HyperdriveBackup>
  <StarFighters />
  <NaviComputer>false</NaviComputer>
  <SensorRangeValue>srClose</SensorRangeValue>
  <Crew>One pilot</Crew>
  <EncumbranceCapacity>3</EncumbranceCapacity>
  <Passengers>1</Passengers>
  <Consumables />
  <Silhouette>2</Silhouette>
  <Speed>4</Speed>
  <Handling>0</Handling>
  <DefFore>0</DefFore>
  <DefAft>0</DefAft>
  <DefPort>0</DefPort>
  <DefStarboard>0</DefStarboard>
  <Armor>0</Armor>
  <HullTrauma>2</HullTrauma>
  <SystemStrain>3</SystemStrain>
  <Starship>false</Starship>
  <Massive>0</Massive>
  <SinglePilot>true</SinglePilot>
  <VehicleWeapons />
</Vehicle>