<?xml version="1.0"?>
<Vehicle xmlns:xsi="http://www.w3.org/2001/XMLSchema-instance" xmlns:xsd="http://www.w3.org/2001/XMLSchema">
  <Key>D4DEFPLAT</Key>
  <Name>D-4 Mobile Defense Platform</Name>
  <Description>[H3]D-4 Mobile Defense Platform[h3]
Please see page 58 of the Keeping the Peace sourcebook for details.</Description>
  <Source Page="58">Keeping the Peace</Source>
  <Type>Heavy Landspeeder</Type>
  <Categories>
    <Category>Land Vehicle</Category>
  </Categories>
  <Encumbrance>0</Encumbrance>
  <HP>4</HP>
  <Price>20000</Price>
  <Rarity>6</Rarity>
  <Restricted>false</Restricted>
  <BaseMods>
    <Mod>
      <Key />
      <Count>1</Count>
      <Index>0</Index>
      <MiscDesc>[B]Defensive Platform[b]: As a maneuver, the driver may use the craft's shields to create a defensive dome (or withdraw it).  Reduce defense in all zones to 0, but the vehicle, and each other vehicle and character within short range (personal) counts as having Defense 3 against attacks from outside the dome.</MiscDesc>
      <DefZoneValue>None</DefZoneValue>
      <QualReplace>false</QualReplace>
      <SkillIsCareer>false</SkillIsCareer>
      <SkillIsRanked>false</SkillIsRanked>
      <VehicleWeaponUpgrades />
      <SelectedVehicleWeaponIndex>-1</SelectedVehicleWeaponIndex>
      <DieModifiers />
      <InnateSkills />
      <ActiveQualityKey />
      <Failed>false</Failed>
      <DefZone />
    </Mod>
  </BaseMods>
  <WeaponModifiers />
  <MaxAltitude>5 meters</MaxAltitude>
  <HyperdrivePrimary>0</HyperdrivePrimary>
  <HyperdriveBackup>0</HyperdriveBackup>
  <StarFighters />
  <NaviComputer>false</NaviComputer>
  <SensorRangeValue>srShort</SensorRangeValue>
  <Crew>One driver, one operator, one gunner</Crew>
  <EncumbranceCapacity>20</EncumbranceCapacity>
  <Passengers>10</Passengers>
  <Consumables />
  <Silhouette>4</Silhouette>
  <Speed>2</Speed>
  <Handling>-2</Handling>
  <DefFore>3</DefFore>
  <DefAft>3</DefAft>
  <DefPort>0</DefPort>
  <DefStarboard>0</DefStarboard>
  <Armor>1</Armor>
  <HullTrauma>10</HullTrauma>
  <SystemStrain>12</SystemStrain>
  <Starship>false</Starship>
  <Massive>0</Massive>
  <SinglePilot>false</SinglePilot>
  <VehicleWeapons>
    <VehicleWeapon>
      <FiringArcs>
        <Fore>true</Fore>
        <Aft>true</Aft>
        <Port>true</Port>
        <Starboard>true</Starboard>
        <Dorsal>false</Dorsal>
        <Ventral>false</Ventral>
      </FiringArcs>
      <Turret>true</Turret>
      <Location>Unspecified</Location>
      <Retractable>false</Retractable>
      <Qualities />
      <Key>BLASTHVYREP</Key>
      <Count>2</Count>
    </VehicleWeapon>
  </VehicleWeapons>
  <BuiltInAttachments />
  <SensorRange>Short</SensorRange>
</Vehicle>