<?xml version="1.0"?>
<Vehicle xmlns:xsi="http://www.w3.org/2001/XMLSchema-instance" xmlns:xsd="http://www.w3.org/2001/XMLSchema">
  <Key>D45PROJPLAT</Key>
  <Name>D-45 Projection Platform</Name>
  <Description>[H3]D-45 Projection Platform[h3]
Please see page 58 of the Keeping the Peace sourcebook for details.</Description>
  <Source Page="58">Keeping the Peace</Source>
  <Type>Heavy Landspeeder</Type>
  <Categories>
    <Category>Land Vehicle</Category>
  </Categories>
  <Encumbrance>0</Encumbrance>
  <HP>4</HP>
  <Price>10000</Price>
  <Rarity>6</Rarity>
  <Restricted>false</Restricted>
  <BaseMods>
    <Mod>
      <Key />
      <Count>1</Count>
      <Index>0</Index>
      <MiscDesc>[B]Holographic Camouflage[b]: As a maneuver, driver may extend the craft's holographic field to display a preprogrammed building, structure, or other object of silhouette 4.  if vehicle moves, the illusion persists, but is obvious to observers that it is a hologram.</MiscDesc>
      <DefZoneValue>None</DefZoneValue>
      <QualReplace>false</QualReplace>
      <SkillIsCareer>false</SkillIsCareer>
      <SkillIsRanked>false</SkillIsRanked>
      <VehicleWeaponUpgrades />
      <SelectedVehicleWeaponIndex>-1</SelectedVehicleWeaponIndex>
      <DieModifiers />
      <InnateSkills />
      <ActiveQualityKey />
      <Failed>false</Failed>
      <DefZone />
    </Mod>
  </BaseMods>
  <WeaponModifiers />
  <MaxAltitude>5 meters</MaxAltitude>
  <HyperdrivePrimary>0</HyperdrivePrimary>
  <HyperdriveBackup>0</HyperdriveBackup>
  <StarFighters />
  <NaviComputer>false</NaviComputer>
  <SensorRangeValue>srShort</SensorRangeValue>
  <Crew>One driver, one operator, one gunner</Crew>
  <EncumbranceCapacity>20</EncumbranceCapacity>
  <Passengers>10</Passengers>
  <Consumables />
  <Silhouette>4</Silhouette>
  <Speed>2</Speed>
  <Handling>-2</Handling>
  <DefFore>0</DefFore>
  <DefAft>0</DefAft>
  <DefPort>0</DefPort>
  <DefStarboard>0</DefStarboard>
  <Armor>0</Armor>
  <HullTrauma>9</HullTrauma>
  <SystemStrain>10</SystemStrain>
  <Starship>false</Starship>
  <Massive>0</Massive>
  <SinglePilot>false</SinglePilot>
  <VehicleWeapons />
  <BuiltInAttachments />
  <SensorRange>Short</SensorRange>
</Vehicle>