<?xml version="1.0"?>
<Vehicle xmlns:xsi="http://www.w3.org/2001/XMLSchema-instance" xmlns:xsd="http://www.w3.org/2001/XMLSchema">
  <Key>DF11</Key>
  <Name>DF.11 Anti-Infantry Battery</Name>
  <Description>[H3]DF.11 Anti-Infantry Battery[h3]
Please see page 48 of the Lead by Example Sourcebook for details.</Description>
  <Source Page="48">Lead by Example</Source>
  <Type>Field Equipment</Type>
  <Categories />
  <Encumbrance>0</Encumbrance>
  <HP>0</HP>
  <Price>7500</Price>
  <Rarity>5</Rarity>
  <Restricted>true</Restricted>
  <BaseMods />
  <WeaponModifiers>
    <WeaponModifier>
      <Unarmed>false</Unarmed>
      <UnarmedName>DF.11 Anti-Infantry Battery</UnarmedName>
      <SkillKey>GUNN</SkillKey>
      <AllSkillKey />
      <Damage>15</Damage>
      <DamageAdd>0</DamageAdd>
      <Crit>2</Crit>
      <CritSub>0</CritSub>
      <Scale>wsPersonal</Scale>
      <Qualities>
        <Quality>
          <Key>BLAST</Key>
          <Count>10</Count>
        </Quality>
        <Quality>
          <Key>INACCURATE</Key>
          <Count>2</Count>
        </Quality>
        <Quality>
          <Key>LINKED</Key>
          <Count>1</Count>
        </Quality>
        <Quality>
          <Key>PIERCE</Key>
          <Count>4</Count>
        </Quality>
        <Quality>
          <Key>SLOWFIRING</Key>
          <Count>1</Count>
        </Quality>
      </Qualities>
      <BaseMods />
      <VehicleWeaponProperties>
        <Location>Unspecified</Location>
        <Turret>false</Turret>
        <Retractable>false</Retractable>
        <FiringArcs>
          <Fore>true</Fore>
          <Aft>true</Aft>
          <Port>true</Port>
          <Starboard>true</Starboard>
          <Dorsal>false</Dorsal>
          <Ventral>false</Ventral>
        </FiringArcs>
        <Qualities />
      </VehicleWeaponProperties>
      <VehicleWeaponCount>1</VehicleWeaponCount>
      <RangeValue>wrLong</RangeValue>
    </WeaponModifier>
  </WeaponModifiers>
  <MaxAltitude />
  <HyperdrivePrimary>0</HyperdrivePrimary>
  <HyperdriveBackup>0</HyperdriveBackup>
  <StarFighters />
  <NaviComputer>false</NaviComputer>
  <SensorRangeValue>srNone</SensorRangeValue>
  <Crew>One gunner, one technician, one fire control operator</Crew>
  <EncumbranceCapacity>0</EncumbranceCapacity>
  <Passengers>0</Passengers>
  <Consumables />
  <Silhouette>1</Silhouette>
  <Speed>0</Speed>
  <Handling>0</Handling>
  <DefFore>1</DefFore>
  <DefAft>0</DefAft>
  <DefPort>0</DefPort>
  <DefStarboard>0</DefStarboard>
  <Armor>2</Armor>
  <HullTrauma>5</HullTrauma>
  <SystemStrain>7</SystemStrain>
  <Starship>false</Starship>
  <Massive>0</Massive>
  <SinglePilot>false</SinglePilot>
  <VehicleWeapons />
  <BuiltInAttachments />
</Vehicle>