<Vehicle>
  <Key>EF76</Key>
  <Name>EF76 Nebulon-B Escort Frigate</Name>
  <Description>
    [H3]EF76 Nebulon-B Escort Frigate[h3]
    Please see page 268 of the Edge of the Empire Core Rulebook, or page 278 of the  Age of Rebellion Core Rulebook, for details.
  </Description>
  <Sources>
    <Source Page="268">Edge of the Empire Core Rulebook</Source>
    <Source Page="278">Age of Rebellion Core Rulebook</Source>
  </Sources>
  <HyperdrivePrimary>2</HyperdrivePrimary>
  <HyperdriveBackup>12</HyperdriveBackup>
  <NaviComputer>true</NaviComputer>
  <SensorRangeValue>srLong</SensorRangeValue>
  <Crew>920 Officers, Pilots, and Enlisted Crew</Crew>
  <Starfighters>Twenty-Four Starfighters</Starfighters>
  <EncumbranceCapacity>4000</EncumbranceCapacity>
  <Passengers>75</Passengers>
  <Consumables>Two Years</Consumables>
  <Silhouette>6</Silhouette>
  <Speed>3</Speed>
  <Handling>-1</Handling>
  <DefFore>2</DefFore>
  <DefAft>2</DefAft>
  <DefPort>2</DefPort>
  <DefStarboard>2</DefStarboard>
  <Armor>6</Armor>
  <HullTrauma>71</HullTrauma>
  <SystemStrain>40</SystemStrain>
  <HP>2</HP>
  <Price>8500000</Price>
  <Rarity>7</Rarity>
  <Restricted>true</Restricted>
  <Categories>
    <Category>Capital Ship</Category>
    <Category>Starship</Category>
    <Category>Non-Fighter Starship</Category>
  </Categories>
  <Type>Frigate</Type>
  <Starship>true</Starship>
  <VehicleWeapons>
    <VehicleWeapon>
      <Key>TURBOMED</Key>
      <Count>6</Count>
      <Turret>true</Turret>
      <Retractable>true</Retractable>
      <Location>Port</Location>
      <FiringArcs>
        <Fore>true</Fore>
        <Aft>true</Aft>
        <Port>true</Port>
        <Starboard>false</Starboard>
        <Dorsal>false</Dorsal>
        <Ventral>false</Ventral>
      </FiringArcs>
    </VehicleWeapon>
    <VehicleWeapon>
      <Key>TURBOMED</Key>
      <Count>6</Count>
      <Turret>true</Turret>
      <Retractable>true</Retractable>
      <Location>Starboard</Location>
      <FiringArcs>
        <Fore>true</Fore>
        <Aft>true</Aft>
        <Port>false</Port>
        <Starboard>true</Starboard>
        <Dorsal>false</Dorsal>
        <Ventral>false</Ventral>
      </FiringArcs>
    </VehicleWeapon>
    <VehicleWeapon>
      <Key>LASERLT</Key>
      <Count>3</Count>
      <Turret>true</Turret>
      <Retractable>true</Retractable>
      <Location>Port</Location>
      <FiringArcs>
        <Fore>false</Fore>
        <Aft>false</Aft>
        <Port>true</Port>
        <Starboard>false</Starboard>
        <Dorsal>false</Dorsal>
        <Ventral>false</Ventral>
      </FiringArcs>
    </VehicleWeapon>
    <VehicleWeapon>
      <Key>LASERLT</Key>
      <Count>3</Count>
      <Turret>true</Turret>
      <Retractable>true</Retractable>
      <Location>Starboard</Location>
      <FiringArcs>
        <Fore>false</Fore>
        <Aft>false</Aft>
        <Port>false</Port>
        <Starboard>true</Starboard>
        <Dorsal>false</Dorsal>
        <Ventral>false</Ventral>
      </FiringArcs>
    </VehicleWeapon>
    <VehicleWeapon>
      <Key>LASERLT</Key>
      <Count>3</Count>
      <Turret>true</Turret>
      <Retractable>true</Retractable>
      <Location>Forward</Location>
      <FiringArcs>
        <Fore>true</Fore>
        <Aft>false</Aft>
        <Port>false</Port>
        <Starboard>false</Starboard>
        <Dorsal>false</Dorsal>
        <Ventral>false</Ventral>
      </FiringArcs>
    </VehicleWeapon>
    <VehicleWeapon>
      <Key>LASERLT</Key>
      <Count>3</Count>
      <Turret>true</Turret>
      <Retractable>true</Retractable>
      <Location>Aft</Location>
      <FiringArcs>
        <Fore>false</Fore>
        <Aft>true</Aft>
        <Port>false</Port>
        <Starboard>false</Starboard>
        <Dorsal>false</Dorsal>
        <Ventral>false</Ventral>
      </FiringArcs>
    </VehicleWeapon>
    <VehicleWeapon>
      <Key>TRACTHVY</Key>
      <Count>3</Count>
      <Location>Forward</Location>
      <FiringArcs>
        <Fore>true</Fore>
        <Aft>false</Aft>
        <Port>false</Port>
        <Starboard>false</Starboard>
        <Dorsal>false</Dorsal>
        <Ventral>false</Ventral>
      </FiringArcs>
    </VehicleWeapon>
  </VehicleWeapons>
</Vehicle>