<Vehicle>
  <Key>FIRESPRAY</Key>
  <Name>Firespray Patrol Craft</Name>
  <Description>
      [H3]Firespray Patrol Craft[h3]
      Please see page 255 of the Edge of the Empire Core Rulebook for details.
    </Description>
  <Source Page="255">Edge of the Empire Core Rulebook</Source>
  <HyperdrivePrimary>3</HyperdrivePrimary>
  <HyperdriveBackup>15</HyperdriveBackup>
  <NaviComputer>true</NaviComputer>
  <SensorRangeValue>srShort</SensorRangeValue>
  <Crew>One Pilot, Two Guards</Crew>
  <EncumbranceCapacity>40</EncumbranceCapacity>
  <Passengers>6</Passengers>
  <Consumables>One month</Consumables>
  <Silhouette>4</Silhouette>
  <Speed>4</Speed>
  <Handling>0</Handling>
  <DefFore>1</DefFore>
  <DefAft>1</DefAft>
  <DefPort>0</DefPort>
  <DefStarboard>0</DefStarboard>
  <Armor>4</Armor>
  <HullTrauma>15</HullTrauma>
  <SystemStrain>12</SystemStrain>
  <HP>4</HP>
  <Price>80000</Price>
  <Rarity>4</Rarity>
  <Categories>
    <Category>Starship</Category>
    <Category>Non-Fighter Starship</Category>
  </Categories>
  <Type>Patrol Boat</Type>
  <Starship>true</Starship>
  <SinglePilot>true</SinglePilot>
  <VehicleWeapons>
    <VehicleWeapon>
      <Key>AUTOBLAST</Key>
      <Location>Forward</Location>
      <FiringArcs>
        <Fore>true</Fore>
        <Aft>false</Aft>
        <Port>false</Port>
        <Starboard>false</Starboard>
        <Dorsal>false</Dorsal>
        <Ventral>false</Ventral>
      </FiringArcs>
    </VehicleWeapon>
    <VehicleWeapon>
      <Key>TRACTLT</Key>
      <Location>Forward</Location>
      <FiringArcs>
        <Fore>true</Fore>
        <Aft>false</Aft>
        <Port>false</Port>
        <Starboard>false</Starboard>
        <Dorsal>false</Dorsal>
        <Ventral>false</Ventral>
      </FiringArcs>
    </VehicleWeapon>
  </VehicleWeapons>
</Vehicle>