<?xml version="1.0"?>
<Vehicle xmlns:xsi="http://www.w3.org/2001/XMLSchema-instance" xmlns:xsd="http://www.w3.org/2001/XMLSchema">
  <Key>FOOTSPEEDER</Key>
  <Name>Foot Speeder</Name>
  <Description>[H3]Foot Speeder[h3]
Please see page 62 of the Endless Vigil Sourcebook for details.[P][I]Note: This vehicle is also included as an inventory gear item.[i]</Description>
  <Source Page="50">Endless Vigil</Source>
  <Type>Foot Speeder</Type>
  <Categories>
    <Category>Air Vehicle</Category>
  </Categories>
  <Price>2000</Price>
  <Rarity>4</Rarity>
  <MaxAltitude>5 meters</MaxAltitude>
  <SensorRangeValue>srNone</SensorRangeValue>
  <Crew>One occupant</Crew>
  <Silhouette>1</Silhouette>
  <Speed>1</Speed>
  <Handling>-1</Handling>
  <SystemStrain>4</SystemStrain>
  <SinglePilot>true</SinglePilot>
  <SensorRange>No Sensors</SensorRange>
</Vehicle>