<?xml version="1.0"?>
<Vehicle xmlns:xsi="http://www.w3.org/2001/XMLSchema-instance" xmlns:xsd="http://www.w3.org/2001/XMLSchema">
  <Key>DUNELIZARD</Key>
  <Name>G1-M4-C Dunelizard</Name>
  <Description>
    [H3]G1-M4-C Dunelizard[h3]
    Please see page 12 of the Long Arm of the Hutt Bonus Adventure for details.
  </Description>
  <Source Page="12">Long Arm of the Hutt</Source>
  <Type>Starfighter</Type>
  <Categories>
    <Category>Starship</Category>
  </Categories>
  <Encumbrance>0</Encumbrance>
  <HP>3</HP>
  <Price>115000</Price>
  <Rarity>5</Rarity>
  <MaxAltitude />
  <HyperdrivePrimary>2</HyperdrivePrimary>
  <HyperdriveBackup>0</HyperdriveBackup>
  <StarFighters />
  <NaviComputer>true</NaviComputer>
  <SensorRangeValue>srShort</SensorRangeValue>
  <Crew>One pilot, co-pilot/astromech droid</Crew>
  <EncumbranceCapacity>10</EncumbranceCapacity>
  <Passengers>0</Passengers>
  <Consumables>Two weeks</Consumables>
  <Silhouette>3</Silhouette>
  <Speed>4</Speed>
  <Handling>1</Handling>
  <DefFore>1</DefFore>
  <DefAft>1</DefAft>
  <DefPort>0</DefPort>
  <DefStarboard>0</DefStarboard>
  <Armor>3</Armor>
  <HullTrauma>8</HullTrauma>
  <SystemStrain>7</SystemStrain>
  <Starship>true</Starship>
  <Massive>0</Massive>
  <SinglePilot>true</SinglePilot>
  <VehicleWeapons>
    <VehicleWeapon>
      <FiringArcs>
        <Fore>true</Fore>
        <Aft>false</Aft>
        <Port>false</Port>
        <Starboard>false</Starboard>
        <Dorsal>false</Dorsal>
        <Ventral>false</Ventral>
      </FiringArcs>
      <Turret>false</Turret>
      <Location>Forward</Location>
      <Retractable>false</Retractable>
      <Qualities>
        <Quality>
          <Key>LINKED</Key>
          <Count>1</Count>
          <Index>0</Index>
          <MiscDesc />
          <DefZone />
        </Quality>
      </Qualities>
      <Key>LASERMED</Key>
      <Count>1</Count>
    </VehicleWeapon>
  </VehicleWeapons>
</Vehicle>