<?xml version="1.0"?>
<Vehicle xmlns:xsi="http://www.w3.org/2001/XMLSchema-instance" xmlns:xsd="http://www.w3.org/2001/XMLSchema">
  <Key>GPE3130</Key>
  <Name>GPE-3130</Name>
  <Description>[H3]GPE-3130[h3]
Please see page 56 of the Endless Vigil Sourcebook for details.</Description>
  <Source Page="56">Endless Vigil</Source>
  <Type>Podracer</Type>
  <Categories>
    <Category>Land Vehicle</Category>
  </Categories>
  <HP>3</HP>
  <Price>11500</Price>
  <Rarity>6</Rarity>
  <MaxAltitude>50 meters</MaxAltitude>
  <Crew>One pilot</Crew>
  <EncumbranceCapacity>1</EncumbranceCapacity>
  <Silhouette>3</Silhouette>
  <Speed>6</Speed>
  <Handling>-3</Handling>
  <HullTrauma>3</HullTrauma>
  <SystemStrain>4</SystemStrain>
  <SinglePilot>true</SinglePilot>
  <SensorRange>Close</SensorRange>
</Vehicle>