<Vehicle>
  <Key>GR75</Key>
  <Name>GR-75 Medium Transport</Name>
  <Description>
      [H3]GR-75 Medium Transport[h3]
      Please see page 261 of the Edge of the Empire Core Rulebook for details.
    </Description>
  <Source Page="261">Edge of the Empire Core Rulebook</Source>
  <HyperdrivePrimary>4</HyperdrivePrimary>
  <HyperdriveBackup>15</HyperdriveBackup>
  <NaviComputer>true</NaviComputer>
  <SensorRangeValue>srMedium</SensorRangeValue>
  <Crew>One Pilot, One Co-Pilot, One Engineer, One Cargo Master, Three Crew</Crew>
  <EncumbranceCapacity>1000</EncumbranceCapacity>
  <Passengers>100</Passengers>
  <Consumables>Six Months</Consumables>
  <Silhouette>5</Silhouette>
  <Speed>3</Speed>
  <Handling>-3</Handling>
  <DefFore>1</DefFore>
  <DefAft>1</DefAft>
  <DefPort>1</DefPort>
  <DefStarboard>1</DefStarboard>
  <Armor>3</Armor>
  <HullTrauma>20</HullTrauma>
  <SystemStrain>18</SystemStrain>
  <HP>2</HP>
  <Price>180000</Price>
  <Rarity>4</Rarity>
  <Categories>
    <Category>Starship</Category>
    <Category>Non-Fighter Starship</Category>
    <Category>Medium Transport</Category>
  </Categories>
  <Type>Transport</Type>
  <Starship>true</Starship>
  <VehicleWeapons>
  </VehicleWeapons>
</Vehicle>