<?xml version="1.0"?>
<Vehicle xmlns:xsi="http://www.w3.org/2001/XMLSchema-instance" xmlns:xsd="http://www.w3.org/2001/XMLSchema">
  <Key>5EDEFSPEEDER</Key>
  <Name>Guardian 5E Personal Defense Speeder</Name>
  <Description>
    [H3]Guardian 5E Personal Defense Speeder[h3]
    Please see page 63 of the Dangerous Covenants Sourcebook for details.
  </Description>
  <Source Page="63">Dangerous Covenants</Source>
  <Type>Airspeeder</Type>
  <Categories>
    <Category>Air Vehicle</Category>
  </Categories>
  <Encumbrance>0</Encumbrance>
  <HP>1</HP>
  <Price>20000</Price>
  <Rarity>4</Rarity>
  <Restricted>false</Restricted>
  <MaxAltitude>300 km</MaxAltitude>
  <HyperdrivePrimary>0</HyperdrivePrimary>
  <HyperdriveBackup>0</HyperdriveBackup>
  <StarFighters />
  <NaviComputer>false</NaviComputer>
  <SensorRangeValue>srShort</SensorRangeValue>
  <Crew>One pilot</Crew>
  <EncumbranceCapacity>10</EncumbranceCapacity>
  <Passengers>5</Passengers>
  <Consumables />
  <Silhouette>3</Silhouette>
  <Speed>3</Speed>
  <Handling>0</Handling>
  <DefFore>0</DefFore>
  <DefAft>0</DefAft>
  <DefPort>0</DefPort>
  <DefStarboard>0</DefStarboard>
  <Armor>2</Armor>
  <HullTrauma>10</HullTrauma>
  <SystemStrain>8</SystemStrain>
  <Starship>false</Starship>
  <Massive>0</Massive>
  <SinglePilot>true</SinglePilot>
  <VehicleWeapons>
    <VehicleWeapon>
      <FiringArcs>
        <Fore>true</Fore>
        <Aft>true</Aft>
        <Port>true</Port>
        <Starboard>true</Starboard>
        <Dorsal>false</Dorsal>
        <Ventral>false</Ventral>
      </FiringArcs>
      <Turret>true</Turret>
      <Location>Unspecified</Location>
      <Retractable>true</Retractable>
      <Qualities />
      <Key>AUTOBLAST</Key>
      <Count>1</Count>
    </VehicleWeapon>
  </VehicleWeapons>
</Vehicle>