<?xml version="1.0"?>
<Vehicle xmlns:xsi="http://www.w3.org/2001/XMLSchema-instance" xmlns:xsd="http://www.w3.org/2001/XMLSchema">
  <Key>H22ADWING</Key>
  <Name>H-22A "D-Wing" Heavy Attack Boat</Name>
  <Description>[H3]H-22A "D-Wing" Heavy Attack Boat[h3]
Please see page 58 of the Knights of Fate Sourcebook for details.</Description>
  <Source Page="58">Knights of Fate</Source>
  <Type>Shuttle</Type>
  <Categories>
    <Category>Starship</Category>
    <Category>Non-Fighter Starship</Category>
  </Categories>
  <HP>1</HP>
  <Price>145000</Price>
  <Rarity>6</Rarity>
  <HyperdrivePrimary>2</HyperdrivePrimary>
  <NaviComputer>true</NaviComputer>
  <SensorRangeValue>srShort</SensorRangeValue>
  <Crew>One pilot, two gunners</Crew>
  <EncumbranceCapacity>120</EncumbranceCapacity>
  <Passengers>12</Passengers>
  <Consumables>Two weeks</Consumables>
  <Silhouette>4</Silhouette>
  <Speed>3</Speed>
  <Handling>-2</Handling>
  <DefFore>2</DefFore>
  <DefAft>1</DefAft>
  <Armor>4</Armor>
  <HullTrauma>20</HullTrauma>
  <SystemStrain>14</SystemStrain>
  <Starship>true</Starship>
  <VehicleWeapons>
    <VehicleWeapon>
      <FiringArcs>
        <Fore>true</Fore>
        <Aft>true</Aft>
        <Port>true</Port>
        <Starboard>true</Starboard>
        <Dorsal>true</Dorsal>
      </FiringArcs>
      <Location>Dorsal</Location>
      <Qualities>
        <Quality>
          <Key>LINKED</Key>
          <Count>1</Count>
        </Quality>
      </Qualities>
      <Key>LASERHVY</Key>
    </VehicleWeapon>
    <VehicleWeapon>
      <FiringArcs>
        <Fore>true</Fore>
      </FiringArcs>
      <Location>Forward</Location>
      <Qualities>
        <Quality>
          <Key>LINKED</Key>
          <Count>1</Count>
        </Quality>
      </Qualities>
      <Key>LASERLT</Key>
    </VehicleWeapon>
    <VehicleWeapon>
      <FiringArcs>
        <Fore>true</Fore>
      </FiringArcs>
      <Location>WingMounted</Location>
      <Key>PTL</Key>
    </VehicleWeapon>
    <VehicleWeapon>
      <FiringArcs>
        <Aft>true</Aft>
        <Port>true</Port>
        <Starboard>true</Starboard>
        <Ventral>true</Ventral>
      </FiringArcs>
      <Turret>true</Turret>
      <Location>Ventral</Location>
      <Qualities>
        <Quality>
          <Key>LINKED</Key>
          <Count>3</Count>
        </Quality>
      </Qualities>
      <Key>AUTOBLAST</Key>
    </VehicleWeapon>
  </VehicleWeapons>
  <SensorRange>Short</SensorRange>
</Vehicle>