<?xml version="1.0"?>
<Vehicle xmlns:xsi="http://www.w3.org/2001/XMLSchema-instance" xmlns:xsd="http://www.w3.org/2001/XMLSchema">
  <Key>H60BOMB</Key>
  <Name>H-60 Tempest Heavy Bomber</Name>
  <Description>[H3]H-60 Tempest Heavy Bomber[h3]
Please see page 53 of the Stay on Target Sourcebook for details.</Description>
  <Source Page="53">Stay on Target</Source>
  <Type>Starfighter</Type>
  <Categories>
    <Category>Starship</Category>
  </Categories>
  <Encumbrance>0</Encumbrance>
  <HP>2</HP>
  <Price>172000</Price>
  <Rarity>5</Rarity>
  <Restricted>false</Restricted>
  <BaseMods />
  <MaxAltitude />
  <HyperdrivePrimary>0</HyperdrivePrimary>
  <HyperdriveBackup>0</HyperdriveBackup>
  <StarFighters />
  <NaviComputer>false</NaviComputer>
  <SensorRangeValue>srClose</SensorRangeValue>
  <Crew>One pilot, one weapon systems operator</Crew>
  <EncumbranceCapacity>12</EncumbranceCapacity>
  <Passengers>0</Passengers>
  <Consumables>One week</Consumables>
  <Silhouette>4</Silhouette>
  <Speed>3</Speed>
  <Handling>-1</Handling>
  <DefFore>1</DefFore>
  <DefAft>1</DefAft>
  <DefPort>0</DefPort>
  <DefStarboard>0</DefStarboard>
  <Armor>4</Armor>
  <HullTrauma>22</HullTrauma>
  <SystemStrain>12</SystemStrain>
  <Starship>true</Starship>
  <Massive>0</Massive>
  <SinglePilot>true</SinglePilot>
  <VehicleWeapons>
    <VehicleWeapon>
      <FiringArcs>
        <Fore>true</Fore>
        <Aft>false</Aft>
        <Port>false</Port>
        <Starboard>false</Starboard>
        <Dorsal>false</Dorsal>
        <Ventral>false</Ventral>
      </FiringArcs>
      <Turret>false</Turret>
      <Location>Forward</Location>
      <Retractable>false</Retractable>
      <Qualities>
        <Quality>
          <Key>LINKED</Key>
          <Count>3</Count>
          <Index>0</Index>
          <MiscDesc />
          <DefZone />
          <QualReplace>false</QualReplace>
          <SkillIsCareer>false</SkillIsCareer>
          <SkillIsRanked>false</SkillIsRanked>
          <VehicleWeaponUpgrades />
          <SelectedVehicleWeaponIndex>-1</SelectedVehicleWeaponIndex>
          <DieModifiers />
        </Quality>
      </Qualities>
      <Key>LASERMED</Key>
      <Count>1</Count>
    </VehicleWeapon>
    <VehicleWeapon>
      <FiringArcs>
        <Fore>true</Fore>
        <Aft>false</Aft>
        <Port>false</Port>
        <Starboard>false</Starboard>
        <Dorsal>false</Dorsal>
        <Ventral>false</Ventral>
      </FiringArcs>
      <Turret>false</Turret>
      <Location>Forward</Location>
      <Retractable>false</Retractable>
      <Qualities>
        <Quality>
          <Key>LINKED</Key>
          <Count>1</Count>
          <Index>0</Index>
          <MiscDesc />
          <DefZone />
          <QualReplace>false</QualReplace>
          <SkillIsCareer>false</SkillIsCareer>
          <SkillIsRanked>false</SkillIsRanked>
          <VehicleWeaponUpgrades />
          <SelectedVehicleWeaponIndex>-1</SelectedVehicleWeaponIndex>
          <DieModifiers />
        </Quality>
      </Qualities>
      <Key>IONLT</Key>
      <Count>1</Count>
    </VehicleWeapon>
    <VehicleWeapon>
      <FiringArcs>
        <Fore>true</Fore>
        <Aft>false</Aft>
        <Port>false</Port>
        <Starboard>false</Starboard>
        <Dorsal>false</Dorsal>
        <Ventral>false</Ventral>
      </FiringArcs>
      <Turret>false</Turret>
      <Location>Forward</Location>
      <Retractable>false</Retractable>
      <Qualities>
        <Quality>
          <Key>LIMITEDAMMO</Key>
          <Count>12</Count>
          <Index>0</Index>
          <MiscDesc />
          <DefZone />
          <QualReplace>false</QualReplace>
          <SkillIsCareer>false</SkillIsCareer>
          <SkillIsRanked>false</SkillIsRanked>
          <VehicleWeaponUpgrades />
          <SelectedVehicleWeaponIndex>-1</SelectedVehicleWeaponIndex>
          <DieModifiers />
        </Quality>
      </Qualities>
      <Key>PTL</Key>
      <Count>1</Count>
    </VehicleWeapon>
    <VehicleWeapon>
      <FiringArcs>
        <Fore>false</Fore>
        <Aft>false</Aft>
        <Port>false</Port>
        <Starboard>false</Starboard>
        <Dorsal>false</Dorsal>
        <Ventral>true</Ventral>
      </FiringArcs>
      <Turret>false</Turret>
      <Location>Ventral</Location>
      <Retractable>false</Retractable>
      <Qualities>
        <Quality>
          <Key>LIMITEDAMMO</Key>
          <Count>12</Count>
          <Index>0</Index>
          <MiscDesc />
          <DefZone />
          <QualReplace>false</QualReplace>
          <SkillIsCareer>false</SkillIsCareer>
          <SkillIsRanked>false</SkillIsRanked>
          <VehicleWeaponUpgrades />
          <SelectedVehicleWeaponIndex>-1</SelectedVehicleWeaponIndex>
          <DieModifiers />
        </Quality>
      </Qualities>
      <Key>PROTONBAY</Key>
      <Count>1</Count>
    </VehicleWeapon>
  </VehicleWeapons>
</Vehicle>