<?xml version="1.0"?>
<Vehicle xmlns:xsi="http://www.w3.org/2001/XMLSchema-instance" xmlns:xsd="http://www.w3.org/2001/XMLSchema">
  <Key>HAVENDOCK</Key>
  <Name>Haven-Class Mobile Space Dock</Name>
  <Description>[H3][I]Haven[i]-Class Mobile Space Dock[h3]
Please see page 59 of the Fully Operational Sourcebook for details.</Description>
  <Source Page="59">Fully Operational</Source>
  <Type>Mobile Space Dock</Type>
  <Categories>
    <Category>Capital Ship</Category>
    <Category>Non-Fighter Starship</Category>
    <Category>Starship</Category>
    <Category>Station</Category>
  </Categories>
  <HP>10</HP>
  <Price>38000000</Price>
  <Rarity>9</Rarity>
  <HyperdrivePrimary>3</HyperdrivePrimary>
  <HyperdriveBackup>16</HyperdriveBackup>
  <StarFighters>Numerous shuttlecraft and short-range runabouts</StarFighters>
  <NaviComputer>true</NaviComputer>
  <SensorRangeValue>srLong</SensorRangeValue>
  <Crew>4,500 officers, engineers, and enlisted crew</Crew>
  <EncumbranceCapacity>30000</EncumbranceCapacity>
  <Passengers>8000</Passengers>
  <Consumables>Two years</Consumables>
  <Silhouette>7</Silhouette>
  <Speed>2</Speed>
  <Handling>-3</Handling>
  <DefFore>2</DefFore>
  <DefAft>2</DefAft>
  <DefPort>2</DefPort>
  <DefStarboard>2</DefStarboard>
  <Armor>6</Armor>
  <HullTrauma>100</HullTrauma>
  <SystemStrain>75</SystemStrain>
  <Starship>true</Starship>
  <Massive>2</Massive>
  <VehicleWeapons>
    <VehicleWeapon>
      <FiringArcs>
        <Fore>true</Fore>
        <Port>true</Port>
      </FiringArcs>
      <Turret>true</Turret>
      <Location>Port</Location>
      <Qualities>
        <Quality>
          <Key>LINKED</Key>
          <Count>1</Count>
        </Quality>
      </Qualities>
      <Key>TURBOLT</Key>
      <Count>6</Count>
    </VehicleWeapon>
    <VehicleWeapon>
      <FiringArcs>
        <Fore>true</Fore>
        <Starboard>true</Starboard>
      </FiringArcs>
      <Turret>true</Turret>
      <Location>Starboard</Location>
      <Qualities>
        <Quality>
          <Key>LINKED</Key>
          <Count>1</Count>
        </Quality>
      </Qualities>
      <Key>TURBOLT</Key>
      <Count>6</Count>
    </VehicleWeapon>
    <VehicleWeapon>
      <FiringArcs>
        <Fore>true</Fore>
        <Aft>true</Aft>
        <Port>true</Port>
        <Starboard>true</Starboard>
      </FiringArcs>
      <Turret>true</Turret>
      <Location>Port</Location>
      <Key>LASERQUAD</Key>
      <Count>30</Count>
    </VehicleWeapon>
    <VehicleWeapon>
      <FiringArcs>
        <Fore>true</Fore>
        <Aft>true</Aft>
        <Port>true</Port>
        <Starboard>true</Starboard>
      </FiringArcs>
      <Turret>true</Turret>
      <Location>Starboard</Location>
      <Key>LASERQUAD</Key>
      <Count>30</Count>
    </VehicleWeapon>
    <VehicleWeapon>
      <FiringArcs>
        <Fore>true</Fore>
        <Aft>true</Aft>
        <Port>true</Port>
        <Starboard>true</Starboard>
      </FiringArcs>
      <Location>Hull</Location>
      <Key>TRACTHVY</Key>
      <Count>10</Count>
    </VehicleWeapon>
  </VehicleWeapons>
  <SensorRange>Long</SensorRange>
</Vehicle>