<?xml version="1.0"?>
<Vehicle xmlns:xsi="http://www.w3.org/2001/XMLSchema-instance" xmlns:xsd="http://www.w3.org/2001/XMLSchema">
  <Key>HWK1000LTFREIGHT</Key>
  <Name>HWK-1000 Light Freighter</Name>
  <Description>[H3]CEC HWK-1000 Light Freighter[h3]
Please see page 59 of the Fly Casual Sourcebook for details.</Description>
  <Source Page="59">Fly Casual</Source>
  <Sources>
    <Source>Fly Casual</Source>
  </Sources>
  <Type>Light Freighter</Type>
  <Categories>
    <Category>Starship</Category>
    <Category>Non-Fighter Starship</Category>
  </Categories>
  <HP>5</HP>
  <Price>120000</Price>
  <Rarity>10</Rarity>
  <Restricted>true</Restricted>
  <BaseMods />
  <MaxAltitude />
  <HyperdrivePrimary>1</HyperdrivePrimary>
  <HyperdriveBackup>12</HyperdriveBackup>
  <StarFighters />
  <NaviComputer>true</NaviComputer>
  <SensorRangeValue>srShort</SensorRangeValue>
  <Crew>One pilot, one co-pilot/navigator</Crew>
  <EncumbranceCapacity>100</EncumbranceCapacity>
  <Passengers>4</Passengers>
  <Consumables>Six months</Consumables>
  <Silhouette>4</Silhouette>
  <Speed>5</Speed>
  <Handling>1</Handling>
  <DefFore>1</DefFore>
  <DefAft>1</DefAft>
  <DefPort>0</DefPort>
  <DefStarboard>0</DefStarboard>
  <Armor>3</Armor>
  <HullTrauma>18</HullTrauma>
  <SystemStrain>15</SystemStrain>
  <Starship>true</Starship>
  <Massive>0</Massive>
  <SinglePilot>false</SinglePilot>
  <VehicleWeapons />
</Vehicle>